Microsoft Windows [Version 10.0.19045.6456]
(c) Microsoft Corporation. All rights reserved.

C:\Users\IET>mysql --host=192.168.10.117 --port=3306 --user=dac83 --password=welcome
mysql: [Warning] Using a password on the command line interface can be insecure.
Welcome to the MySQL monitor.  Commands end with ; or \g.
Your MySQL connection id is 68
Server version: 8.0.44 MySQL Community Server - GPL

Copyright (c) 2000, 2025, Oracle and/or its affiliates.

Oracle is a registered trademark of Oracle Corporation and/or its
affiliates. Other names may be trademarks of their respective
owners.

Type 'help;' or '\h' for help. Type '\c' to clear the current input statement.

mysql> use dac83
Database changed
mysql> show tables;
+---------------------+
| Tables_in_dac83     |
+---------------------+
| a                   |
| activity            |
| agent               |
| airline_seats       |
| andor               |
| atm                 |
| b                   |
| bankloan            |
| batch_schedule      |
| betweensalary       |
| bitwise             |
| blanktablea         |
| blanktableb         |
| blog                |
| bonus               |
| books               |
| brands              |
| bus_stops           |
| cafe                |
| candidate           |
| cardpayments        |
| cashpayments        |
| categories          |
| category            |
| city                |
| classandsubjects    |
| client              |
| cnumbers            |
| coalesce            |
| comments            |
| company             |
| countnulls          |
| countnumbers        |
| cricketwinnerteam   |
| customer            |
| customers           |
| demodept1           |
| demodept2           |
| dept                |
| dept1               |
| dhl                 |
| docs                |
| doctor              |
| doctorvisits        |
| dummy               |
| duplicate           |
| emp                 |
| emp1                |
| emp2                |
| emp_attendance      |
| emp_cards           |
| emp_phone           |
| empj                |
| envelope            |
| facebook            |
| fedex               |
| food                |
| food_category_tags  |
| food_items          |
| fromstoreorders     |
| fruits              |
| fullname            |
| hall_ticket         |
| hobby               |
| ipl                 |
| item                |
| job_list            |
| key_parts           |
| labtestlist         |
| leading_zeroes      |
| leadtable           |
| licence             |
| linkedin            |
| location            |
| managers            |
| mass_table          |
| medicinelist        |
| menucard            |
| missingnumbers      |
| nearest             |
| new                 |
| newbooks            |
| null1               |
| null2               |
| nullif              |
| numberstring        |
| onlineorders        |
| ord                 |
| order1              |
| order_items         |
| orderdetails        |
| orders              |
| overlapping_dates   |
| overtime            |
| patient             |
| phonecall           |
| pivot_table         |
| plumber             |
| plumber_service_map |
| points              |
| population          |
| price               |
| product             |
| product_sales       |
| products            |
| pune_metro_stations |
| quarterly_revenue   |
| r                   |
| r1                  |
| r2                  |
| races               |
| regexpr             |
| repeatingnumbers    |
| replacedept         |
| reservations        |
| revenue             |
| rockets             |
| room_assigned       |
| room_staff          |
| rooms               |
| runners             |
| runningserver       |
| sales               |
| sales1              |
| sales_channel       |
| salespeople         |
| salesperson         |
| salgrade            |
| server              |
| service             |
| seta                |
| setb                |
| shop                |
| softdrink           |
| sort                |
| sourcecity          |
| sourcenames         |
| stadium             |
| stages              |
| states              |
| station             |
| status              |
| stocks              |
| stringnumber        |
| student             |
| swapcity            |
| tablea              |
| tableaa             |
| tableb              |
| tablebb             |
| targetcity          |
| targetnames         |
| tasks               |
| teams               |
| temp1               |
| trainers            |
| trains              |
| traintimetable      |
| transactions        |
| unpivot_table       |
| ups                 |
| vote_response       |
| votes               |
| warehouse           |
| x                   |
| year_of_service     |
| yearly_revenue      |
| years               |
| z                   |
+---------------------+
169 rows in set (0.01 sec)

mysql> select ename from emp;
+----------+
| ename    |
+----------+
| GITA     |
| VRUSHALI |
| SHARMIN  |
| BANDISH  |
| SMITH    |
| AARAV    |
| THOMAS   |
| ALLEN    |
| WARD     |
| JONES    |
| MARTIN   |
| BLAKE    |
| CLARK    |
| SCOTT    |
| KING     |
| FRED     |
| TURNER   |
| ADAMS    |
| Ruhan    |
| Neel     |
| JAMES    |
| FORD     |
| HOFFMAN  |
| GRASS    |
| MILLER   |
| AARUSH   |
| ALEX     |
| NATASHA  |
| SANGITA  |
| SUPRIYA  |
+----------+
30 rows in set (0.38 sec)

mysql> select ename from emp limit 3;
+----------+
| ename    |
+----------+
| GITA     |
| VRUSHALI |
| SHARMIN  |
+----------+
3 rows in set (0.00 sec)

mysql> select ename from emp limit 6;
+----------+
| ename    |
+----------+
| GITA     |
| VRUSHALI |
| SHARMIN  |
| BANDISH  |
| SMITH    |
| AARAV    |
+----------+
6 rows in set (0.00 sec)

mysql> select ename from emp limit 4,6;
+--------+
| ename  |
+--------+
| SMITH  |
| AARAV  |
| THOMAS |
| ALLEN  |
| WARD   |
| JONES  |
+--------+
6 rows in set (0.00 sec)

mysql> select ename, job, sal from emp;
+----------+---------------------+------+
| ename    | job                 | sal  |
+----------+---------------------+------+
| GITA     | Compliance officers | 1750 |
| VRUSHALI | Compliance officers | 1750 |
| SHARMIN  | Public Relation     | 1750 |
| BANDISH  | Public Relation     | 1750 |
| SMITH    | CLERK               |  800 |
| AARAV    | CLERK               | 3350 |
| THOMAS   | CLERK               | 1750 |
| ALLEN    | SALESMAN            | 1600 |
| WARD     | SALESMAN            | 1250 |
| JONES    | MANAGER             | 2975 |
| MARTIN   | SALESMAN            | 1250 |
| BLAKE    | MANAGER             | 2850 |
| CLARK    | MANAGER             | 2450 |
| SCOTT    | ANALYST             | 3000 |
| KING     | PRESIDENT           | 5000 |
| FRED     | vice PRESIDENT      | 5000 |
| TURNER   | SALESMAN            | 1500 |
| ADAMS    | CLERK               | 1100 |
| Ruhan    | Network             | 2000 |
| Neel     | vice PRESIDENT      | 1000 |
| JAMES    | CLERK               |  950 |
| FORD     | ANALYST             | 3000 |
| HOFFMAN  | MANAGER             | 4150 |
| GRASS    | SALESMAN            | 2575 |
| MILLER   | CLERK               | 1300 |
| AARUSH   | SALESMAN            | 1350 |
| ALEX     | MANAGER             | 1250 |
| NATASHA  | CLERK               | 1750 |
| SANGITA  | Compliance officers | 1750 |
| SUPRIYA  | ANALYST             | 1750 |
+----------+---------------------+------+
30 rows in set (0.00 sec)

mysql> select ename, job, sal from emp order by ename;
+----------+---------------------+------+
| ename    | job                 | sal  |
+----------+---------------------+------+
| AARAV    | CLERK               | 3350 |
| AARUSH   | SALESMAN            | 1350 |
| ADAMS    | CLERK               | 1100 |
| ALEX     | MANAGER             | 1250 |
| ALLEN    | SALESMAN            | 1600 |
| BANDISH  | Public Relation     | 1750 |
| BLAKE    | MANAGER             | 2850 |
| CLARK    | MANAGER             | 2450 |
| FORD     | ANALYST             | 3000 |
| FRED     | vice PRESIDENT      | 5000 |
| GITA     | Compliance officers | 1750 |
| GRASS    | SALESMAN            | 2575 |
| HOFFMAN  | MANAGER             | 4150 |
| JAMES    | CLERK               |  950 |
| JONES    | MANAGER             | 2975 |
| KING     | PRESIDENT           | 5000 |
| MARTIN   | SALESMAN            | 1250 |
| MILLER   | CLERK               | 1300 |
| NATASHA  | CLERK               | 1750 |
| Neel     | vice PRESIDENT      | 1000 |
| Ruhan    | Network             | 2000 |
| SANGITA  | Compliance officers | 1750 |
| SCOTT    | ANALYST             | 3000 |
| SHARMIN  | Public Relation     | 1750 |
| SMITH    | CLERK               |  800 |
| SUPRIYA  | ANALYST             | 1750 |
| THOMAS   | CLERK               | 1750 |
| TURNER   | SALESMAN            | 1500 |
| VRUSHALI | Compliance officers | 1750 |
| WARD     | SALESMAN            | 1250 |
+----------+---------------------+------+
30 rows in set (0.00 sec)

mysql> select ename, job, sal from emp order by ename desc;
+----------+---------------------+------+
| ename    | job                 | sal  |
+----------+---------------------+------+
| WARD     | SALESMAN            | 1250 |
| VRUSHALI | Compliance officers | 1750 |
| TURNER   | SALESMAN            | 1500 |
| THOMAS   | CLERK               | 1750 |
| SUPRIYA  | ANALYST             | 1750 |
| SMITH    | CLERK               |  800 |
| SHARMIN  | Public Relation     | 1750 |
| SCOTT    | ANALYST             | 3000 |
| SANGITA  | Compliance officers | 1750 |
| Ruhan    | Network             | 2000 |
| Neel     | vice PRESIDENT      | 1000 |
| NATASHA  | CLERK               | 1750 |
| MILLER   | CLERK               | 1300 |
| MARTIN   | SALESMAN            | 1250 |
| KING     | PRESIDENT           | 5000 |
| JONES    | MANAGER             | 2975 |
| JAMES    | CLERK               |  950 |
| HOFFMAN  | MANAGER             | 4150 |
| GRASS    | SALESMAN            | 2575 |
| GITA     | Compliance officers | 1750 |
| FRED     | vice PRESIDENT      | 5000 |
| FORD     | ANALYST             | 3000 |
| CLARK    | MANAGER             | 2450 |
| BLAKE    | MANAGER             | 2850 |
| BANDISH  | Public Relation     | 1750 |
| ALLEN    | SALESMAN            | 1600 |
| ALEX     | MANAGER             | 1250 |
| ADAMS    | CLERK               | 1100 |
| AARUSH   | SALESMAN            | 1350 |
| AARAV    | CLERK               | 3350 |
+----------+---------------------+------+
30 rows in set (0.00 sec)

mysql> select ename, job, sal, hiredate from emp order by hiredate;
+----------+---------------------+------+------------+
| ename    | job                 | sal  | hiredate   |
+----------+---------------------+------+------------+
| GRASS    | SALESMAN            | 2575 | 1980-02-14 |
| AARUSH   | SALESMAN            | 1350 | 1980-02-14 |
| SMITH    | CLERK               |  800 | 1980-12-17 |
| ALLEN    | SALESMAN            | 1600 | 1981-02-20 |
| WARD     | SALESMAN            | 1250 | 1981-02-22 |
| JONES    | MANAGER             | 2975 | 1981-04-02 |
| BLAKE    | MANAGER             | 2850 | 1981-05-01 |
| CLARK    | MANAGER             | 2450 | 1981-06-09 |
| GITA     | Compliance officers | 1750 | 1981-07-19 |
| VRUSHALI | Compliance officers | 1750 | 1981-07-19 |
| SHARMIN  | Public Relation     | 1750 | 1981-07-19 |
| BANDISH  | Public Relation     | 1750 | 1981-07-19 |
| THOMAS   | CLERK               | 1750 | 1981-07-19 |
| NATASHA  | CLERK               | 1750 | 1981-07-19 |
| SANGITA  | Compliance officers | 1750 | 1981-07-19 |
| SUPRIYA  | ANALYST             | 1750 | 1981-07-19 |
| TURNER   | SALESMAN            | 1500 | 1981-09-08 |
| MARTIN   | SALESMAN            | 1250 | 1981-09-28 |
| KING     | PRESIDENT           | 5000 | 1981-11-17 |
| JAMES    | CLERK               |  950 | 1981-12-03 |
| FORD     | ANALYST             | 3000 | 1981-12-03 |
| AARAV    | CLERK               | 3350 | 1981-12-31 |
| MILLER   | CLERK               | 1300 | 1982-01-23 |
| ALEX     | MANAGER             | 1250 | 1982-01-24 |
| HOFFMAN  | MANAGER             | 4150 | 1982-03-24 |
| SCOTT    | ANALYST             | 3000 | 1982-12-09 |
| ADAMS    | CLERK               | 1100 | 1983-01-12 |
| FRED     | vice PRESIDENT      | 5000 | 1983-08-09 |
| Ruhan    | Network             | 2000 | 1983-08-09 |
| Neel     | vice PRESIDENT      | 1000 | 1983-08-09 |
+----------+---------------------+------+------------+
30 rows in set (0.00 sec)

mysql> select ename, job, sal, hiredate from emp order by hiredate desc;
+----------+---------------------+------+------------+
| ename    | job                 | sal  | hiredate   |
+----------+---------------------+------+------------+
| FRED     | vice PRESIDENT      | 5000 | 1983-08-09 |
| Ruhan    | Network             | 2000 | 1983-08-09 |
| Neel     | vice PRESIDENT      | 1000 | 1983-08-09 |
| ADAMS    | CLERK               | 1100 | 1983-01-12 |
| SCOTT    | ANALYST             | 3000 | 1982-12-09 |
| HOFFMAN  | MANAGER             | 4150 | 1982-03-24 |
| ALEX     | MANAGER             | 1250 | 1982-01-24 |
| MILLER   | CLERK               | 1300 | 1982-01-23 |
| AARAV    | CLERK               | 3350 | 1981-12-31 |
| JAMES    | CLERK               |  950 | 1981-12-03 |
| FORD     | ANALYST             | 3000 | 1981-12-03 |
| KING     | PRESIDENT           | 5000 | 1981-11-17 |
| MARTIN   | SALESMAN            | 1250 | 1981-09-28 |
| TURNER   | SALESMAN            | 1500 | 1981-09-08 |
| GITA     | Compliance officers | 1750 | 1981-07-19 |
| VRUSHALI | Compliance officers | 1750 | 1981-07-19 |
| SHARMIN  | Public Relation     | 1750 | 1981-07-19 |
| BANDISH  | Public Relation     | 1750 | 1981-07-19 |
| THOMAS   | CLERK               | 1750 | 1981-07-19 |
| NATASHA  | CLERK               | 1750 | 1981-07-19 |
| SANGITA  | Compliance officers | 1750 | 1981-07-19 |
| SUPRIYA  | ANALYST             | 1750 | 1981-07-19 |
| CLARK    | MANAGER             | 2450 | 1981-06-09 |
| BLAKE    | MANAGER             | 2850 | 1981-05-01 |
| JONES    | MANAGER             | 2975 | 1981-04-02 |
| WARD     | SALESMAN            | 1250 | 1981-02-22 |
| ALLEN    | SALESMAN            | 1600 | 1981-02-20 |
| SMITH    | CLERK               |  800 | 1980-12-17 |
| GRASS    | SALESMAN            | 2575 | 1980-02-14 |
| AARUSH   | SALESMAN            | 1350 | 1980-02-14 |
+----------+---------------------+------+------------+
30 rows in set (0.00 sec)

mysql> select * from city;
+------+----------+
| id   | CityName |
+------+----------+
|    1 | Baroda   |
|    2 | Surat    |
|    3 | Bharuch  |
|    4 | Rajkot   |
|    5 | Jamnagar |
+------+----------+
5 rows in set (0.08 sec)

mysql> select * from city order by cityname;
+------+----------+
| id   | CityName |
+------+----------+
|    1 | Baroda   |
|    3 | Bharuch  |
|    5 | Jamnagar |
|    4 | Rajkot   |
|    2 | Surat    |
+------+----------+
5 rows in set (0.00 sec)

mysql> select * from city order by cityname desc;
+------+----------+
| id   | CityName |
+------+----------+
|    2 | Surat    |
|    4 | Rajkot   |
|    5 | Jamnagar |
|    3 | Bharuch  |
|    1 | Baroda   |
+------+----------+
5 rows in set (0.00 sec)

mysql> select ename, job, sal, hiredate from emp order by sal;
+----------+---------------------+------+------------+
| ename    | job                 | sal  | hiredate   |
+----------+---------------------+------+------------+
| SMITH    | CLERK               |  800 | 1980-12-17 |
| JAMES    | CLERK               |  950 | 1981-12-03 |
| Neel     | vice PRESIDENT      | 1000 | 1983-08-09 |
| ADAMS    | CLERK               | 1100 | 1983-01-12 |
| WARD     | SALESMAN            | 1250 | 1981-02-22 |
| MARTIN   | SALESMAN            | 1250 | 1981-09-28 |
| ALEX     | MANAGER             | 1250 | 1982-01-24 |
| MILLER   | CLERK               | 1300 | 1982-01-23 |
| AARUSH   | SALESMAN            | 1350 | 1980-02-14 |
| TURNER   | SALESMAN            | 1500 | 1981-09-08 |
| ALLEN    | SALESMAN            | 1600 | 1981-02-20 |
| GITA     | Compliance officers | 1750 | 1981-07-19 |
| VRUSHALI | Compliance officers | 1750 | 1981-07-19 |
| SHARMIN  | Public Relation     | 1750 | 1981-07-19 |
| BANDISH  | Public Relation     | 1750 | 1981-07-19 |
| THOMAS   | CLERK               | 1750 | 1981-07-19 |
| NATASHA  | CLERK               | 1750 | 1981-07-19 |
| SANGITA  | Compliance officers | 1750 | 1981-07-19 |
| SUPRIYA  | ANALYST             | 1750 | 1981-07-19 |
| Ruhan    | Network             | 2000 | 1983-08-09 |
| CLARK    | MANAGER             | 2450 | 1981-06-09 |
| GRASS    | SALESMAN            | 2575 | 1980-02-14 |
| BLAKE    | MANAGER             | 2850 | 1981-05-01 |
| JONES    | MANAGER             | 2975 | 1981-04-02 |
| SCOTT    | ANALYST             | 3000 | 1982-12-09 |
| FORD     | ANALYST             | 3000 | 1981-12-03 |
| AARAV    | CLERK               | 3350 | 1981-12-31 |
| HOFFMAN  | MANAGER             | 4150 | 1982-03-24 |
| KING     | PRESIDENT           | 5000 | 1981-11-17 |
| FRED     | vice PRESIDENT      | 5000 | 1983-08-09 |
+----------+---------------------+------+------------+
30 rows in set (0.00 sec)

mysql> select ename, job, sal, hiredate from emp order by sal desc;
+----------+---------------------+------+------------+
| ename    | job                 | sal  | hiredate   |
+----------+---------------------+------+------------+
| KING     | PRESIDENT           | 5000 | 1981-11-17 |
| FRED     | vice PRESIDENT      | 5000 | 1983-08-09 |
| HOFFMAN  | MANAGER             | 4150 | 1982-03-24 |
| AARAV    | CLERK               | 3350 | 1981-12-31 |
| SCOTT    | ANALYST             | 3000 | 1982-12-09 |
| FORD     | ANALYST             | 3000 | 1981-12-03 |
| JONES    | MANAGER             | 2975 | 1981-04-02 |
| BLAKE    | MANAGER             | 2850 | 1981-05-01 |
| GRASS    | SALESMAN            | 2575 | 1980-02-14 |
| CLARK    | MANAGER             | 2450 | 1981-06-09 |
| Ruhan    | Network             | 2000 | 1983-08-09 |
| GITA     | Compliance officers | 1750 | 1981-07-19 |
| VRUSHALI | Compliance officers | 1750 | 1981-07-19 |
| SHARMIN  | Public Relation     | 1750 | 1981-07-19 |
| BANDISH  | Public Relation     | 1750 | 1981-07-19 |
| THOMAS   | CLERK               | 1750 | 1981-07-19 |
| NATASHA  | CLERK               | 1750 | 1981-07-19 |
| SANGITA  | Compliance officers | 1750 | 1981-07-19 |
| SUPRIYA  | ANALYST             | 1750 | 1981-07-19 |
| ALLEN    | SALESMAN            | 1600 | 1981-02-20 |
| TURNER   | SALESMAN            | 1500 | 1981-09-08 |
| AARUSH   | SALESMAN            | 1350 | 1980-02-14 |
| MILLER   | CLERK               | 1300 | 1982-01-23 |
| WARD     | SALESMAN            | 1250 | 1981-02-22 |
| MARTIN   | SALESMAN            | 1250 | 1981-09-28 |
| ALEX     | MANAGER             | 1250 | 1982-01-24 |
| ADAMS    | CLERK               | 1100 | 1983-01-12 |
| Neel     | vice PRESIDENT      | 1000 | 1983-08-09 |
| JAMES    | CLERK               |  950 | 1981-12-03 |
| SMITH    | CLERK               |  800 | 1980-12-17 |
+----------+---------------------+------+------------+
30 rows in set (0.00 sec)

mysql> select ename, job, sal, hiredate from emp order by job,ename;
+----------+---------------------+------+------------+
| ename    | job                 | sal  | hiredate   |
+----------+---------------------+------+------------+
| FORD     | ANALYST             | 3000 | 1981-12-03 |
| SCOTT    | ANALYST             | 3000 | 1982-12-09 |
| SUPRIYA  | ANALYST             | 1750 | 1981-07-19 |
| AARAV    | CLERK               | 3350 | 1981-12-31 |
| ADAMS    | CLERK               | 1100 | 1983-01-12 |
| JAMES    | CLERK               |  950 | 1981-12-03 |
| MILLER   | CLERK               | 1300 | 1982-01-23 |
| NATASHA  | CLERK               | 1750 | 1981-07-19 |
| SMITH    | CLERK               |  800 | 1980-12-17 |
| THOMAS   | CLERK               | 1750 | 1981-07-19 |
| GITA     | Compliance officers | 1750 | 1981-07-19 |
| SANGITA  | Compliance officers | 1750 | 1981-07-19 |
| VRUSHALI | Compliance officers | 1750 | 1981-07-19 |
| ALEX     | MANAGER             | 1250 | 1982-01-24 |
| BLAKE    | MANAGER             | 2850 | 1981-05-01 |
| CLARK    | MANAGER             | 2450 | 1981-06-09 |
| HOFFMAN  | MANAGER             | 4150 | 1982-03-24 |
| JONES    | MANAGER             | 2975 | 1981-04-02 |
| Ruhan    | Network             | 2000 | 1983-08-09 |
| KING     | PRESIDENT           | 5000 | 1981-11-17 |
| BANDISH  | Public Relation     | 1750 | 1981-07-19 |
| SHARMIN  | Public Relation     | 1750 | 1981-07-19 |
| AARUSH   | SALESMAN            | 1350 | 1980-02-14 |
| ALLEN    | SALESMAN            | 1600 | 1981-02-20 |
| GRASS    | SALESMAN            | 2575 | 1980-02-14 |
| MARTIN   | SALESMAN            | 1250 | 1981-09-28 |
| TURNER   | SALESMAN            | 1500 | 1981-09-08 |
| WARD     | SALESMAN            | 1250 | 1981-02-22 |
| FRED     | vice PRESIDENT      | 5000 | 1983-08-09 |
| Neel     | vice PRESIDENT      | 1000 | 1983-08-09 |
+----------+---------------------+------+------------+
30 rows in set (0.00 sec)

mysql> select ename, job, sal, hiredate from emp order by job,ename desc;
+----------+---------------------+------+------------+
| ename    | job                 | sal  | hiredate   |
+----------+---------------------+------+------------+
| SUPRIYA  | ANALYST             | 1750 | 1981-07-19 |
| SCOTT    | ANALYST             | 3000 | 1982-12-09 |
| FORD     | ANALYST             | 3000 | 1981-12-03 |
| THOMAS   | CLERK               | 1750 | 1981-07-19 |
| SMITH    | CLERK               |  800 | 1980-12-17 |
| NATASHA  | CLERK               | 1750 | 1981-07-19 |
| MILLER   | CLERK               | 1300 | 1982-01-23 |
| JAMES    | CLERK               |  950 | 1981-12-03 |
| ADAMS    | CLERK               | 1100 | 1983-01-12 |
| AARAV    | CLERK               | 3350 | 1981-12-31 |
| VRUSHALI | Compliance officers | 1750 | 1981-07-19 |
| SANGITA  | Compliance officers | 1750 | 1981-07-19 |
| GITA     | Compliance officers | 1750 | 1981-07-19 |
| JONES    | MANAGER             | 2975 | 1981-04-02 |
| HOFFMAN  | MANAGER             | 4150 | 1982-03-24 |
| CLARK    | MANAGER             | 2450 | 1981-06-09 |
| BLAKE    | MANAGER             | 2850 | 1981-05-01 |
| ALEX     | MANAGER             | 1250 | 1982-01-24 |
| Ruhan    | Network             | 2000 | 1983-08-09 |
| KING     | PRESIDENT           | 5000 | 1981-11-17 |
| SHARMIN  | Public Relation     | 1750 | 1981-07-19 |
| BANDISH  | Public Relation     | 1750 | 1981-07-19 |
| WARD     | SALESMAN            | 1250 | 1981-02-22 |
| TURNER   | SALESMAN            | 1500 | 1981-09-08 |
| MARTIN   | SALESMAN            | 1250 | 1981-09-28 |
| GRASS    | SALESMAN            | 2575 | 1980-02-14 |
| ALLEN    | SALESMAN            | 1600 | 1981-02-20 |
| AARUSH   | SALESMAN            | 1350 | 1980-02-14 |
| Neel     | vice PRESIDENT      | 1000 | 1983-08-09 |
| FRED     | vice PRESIDENT      | 5000 | 1983-08-09 |
+----------+---------------------+------+------------+
30 rows in set (0.00 sec)

mysql> select ename, job, sal, hiredate from emp order by job,ename,sal;
+----------+---------------------+------+------------+
| ename    | job                 | sal  | hiredate   |
+----------+---------------------+------+------------+
| FORD     | ANALYST             | 3000 | 1981-12-03 |
| SCOTT    | ANALYST             | 3000 | 1982-12-09 |
| SUPRIYA  | ANALYST             | 1750 | 1981-07-19 |
| AARAV    | CLERK               | 3350 | 1981-12-31 |
| ADAMS    | CLERK               | 1100 | 1983-01-12 |
| JAMES    | CLERK               |  950 | 1981-12-03 |
| MILLER   | CLERK               | 1300 | 1982-01-23 |
| NATASHA  | CLERK               | 1750 | 1981-07-19 |
| SMITH    | CLERK               |  800 | 1980-12-17 |
| THOMAS   | CLERK               | 1750 | 1981-07-19 |
| GITA     | Compliance officers | 1750 | 1981-07-19 |
| SANGITA  | Compliance officers | 1750 | 1981-07-19 |
| VRUSHALI | Compliance officers | 1750 | 1981-07-19 |
| ALEX     | MANAGER             | 1250 | 1982-01-24 |
| BLAKE    | MANAGER             | 2850 | 1981-05-01 |
| CLARK    | MANAGER             | 2450 | 1981-06-09 |
| HOFFMAN  | MANAGER             | 4150 | 1982-03-24 |
| JONES    | MANAGER             | 2975 | 1981-04-02 |
| Ruhan    | Network             | 2000 | 1983-08-09 |
| KING     | PRESIDENT           | 5000 | 1981-11-17 |
| BANDISH  | Public Relation     | 1750 | 1981-07-19 |
| SHARMIN  | Public Relation     | 1750 | 1981-07-19 |
| AARUSH   | SALESMAN            | 1350 | 1980-02-14 |
| ALLEN    | SALESMAN            | 1600 | 1981-02-20 |
| GRASS    | SALESMAN            | 2575 | 1980-02-14 |
| MARTIN   | SALESMAN            | 1250 | 1981-09-28 |
| TURNER   | SALESMAN            | 1500 | 1981-09-08 |
| WARD     | SALESMAN            | 1250 | 1981-02-22 |
| FRED     | vice PRESIDENT      | 5000 | 1983-08-09 |
| Neel     | vice PRESIDENT      | 1000 | 1983-08-09 |
+----------+---------------------+------+------------+
30 rows in set (0.00 sec)

mysql> select ename, job, sal, hiredate from emp order by job,ename,sal desc;
+----------+---------------------+------+------------+
| ename    | job                 | sal  | hiredate   |
+----------+---------------------+------+------------+
| FORD     | ANALYST             | 3000 | 1981-12-03 |
| SCOTT    | ANALYST             | 3000 | 1982-12-09 |
| SUPRIYA  | ANALYST             | 1750 | 1981-07-19 |
| AARAV    | CLERK               | 3350 | 1981-12-31 |
| ADAMS    | CLERK               | 1100 | 1983-01-12 |
| JAMES    | CLERK               |  950 | 1981-12-03 |
| MILLER   | CLERK               | 1300 | 1982-01-23 |
| NATASHA  | CLERK               | 1750 | 1981-07-19 |
| SMITH    | CLERK               |  800 | 1980-12-17 |
| THOMAS   | CLERK               | 1750 | 1981-07-19 |
| GITA     | Compliance officers | 1750 | 1981-07-19 |
| SANGITA  | Compliance officers | 1750 | 1981-07-19 |
| VRUSHALI | Compliance officers | 1750 | 1981-07-19 |
| ALEX     | MANAGER             | 1250 | 1982-01-24 |
| BLAKE    | MANAGER             | 2850 | 1981-05-01 |
| CLARK    | MANAGER             | 2450 | 1981-06-09 |
| HOFFMAN  | MANAGER             | 4150 | 1982-03-24 |
| JONES    | MANAGER             | 2975 | 1981-04-02 |
| Ruhan    | Network             | 2000 | 1983-08-09 |
| KING     | PRESIDENT           | 5000 | 1981-11-17 |
| BANDISH  | Public Relation     | 1750 | 1981-07-19 |
| SHARMIN  | Public Relation     | 1750 | 1981-07-19 |
| AARUSH   | SALESMAN            | 1350 | 1980-02-14 |
| ALLEN    | SALESMAN            | 1600 | 1981-02-20 |
| GRASS    | SALESMAN            | 2575 | 1980-02-14 |
| MARTIN   | SALESMAN            | 1250 | 1981-09-28 |
| TURNER   | SALESMAN            | 1500 | 1981-09-08 |
| WARD     | SALESMAN            | 1250 | 1981-02-22 |
| FRED     | vice PRESIDENT      | 5000 | 1983-08-09 |
| Neel     | vice PRESIDENT      | 1000 | 1983-08-09 |
+----------+---------------------+------+------------+
30 rows in set (0.00 sec)

mysql> select comm from emp order by comm;
+------+
| comm |
+------+
| NULL |
| NULL |
| NULL |
| NULL |
| NULL |
| NULL |
| NULL |
| NULL |
| NULL |
| NULL |
| NULL |
| NULL |
| NULL |
| NULL |
| NULL |
| NULL |
| NULL |
| NULL |
| NULL |
| NULL |
| NULL |
| NULL |
|    0 |
|  300 |
|  500 |
|  500 |
| 1300 |
| 1400 |
| 2700 |
| 2700 |
+------+
30 rows in set (0.00 sec)

mysql> select comm from emp order by comm desc;
+------+
| comm |
+------+
| 2700 |
| 2700 |
| 1400 |
| 1300 |
|  500 |
|  500 |
|  300 |
|    0 |
| NULL |
| NULL |
| NULL |
| NULL |
| NULL |
| NULL |
| NULL |
| NULL |
| NULL |
| NULL |
| NULL |
| NULL |
| NULL |
| NULL |
| NULL |
| NULL |
| NULL |
| NULL |
| NULL |
| NULL |
| NULL |
| NULL |
+------+
30 rows in set (0.00 sec)

mysql> select isnull(1);
+-----------+
| isnull(1) |
+-----------+
|         0 |
+-----------+
1 row in set (0.00 sec)

mysql> select isnull(null);
+--------------+
| isnull(null) |
+--------------+
|            1 |
+--------------+
1 row in set (0.00 sec)

mysql> select comm, isnull(comm) R1 from emp;
+------+----+
| comm | R1 |
+------+----+
| NULL |  1 |
| NULL |  1 |
| NULL |  1 |
| NULL |  1 |
| NULL |  1 |
| NULL |  1 |
| NULL |  1 |
|  300 |  0 |
|  500 |  0 |
| NULL |  1 |
| 1400 |  0 |
| NULL |  1 |
| NULL |  1 |
| NULL |  1 |
| NULL |  1 |
| NULL |  1 |
|    0 |  0 |
| NULL |  1 |
| NULL |  1 |
| NULL |  1 |
| NULL |  1 |
| NULL |  1 |
| NULL |  1 |
| 2700 |  0 |
| 1300 |  0 |
| 2700 |  0 |
|  500 |  0 |
| NULL |  1 |
| NULL |  1 |
| NULL |  1 |
+------+----+
30 rows in set (0.00 sec)

mysql> select comm from emp order by comm desc;
+------+
| comm |
+------+
| 2700 |
| 2700 |
| 1400 |
| 1300 |
|  500 |
|  500 |
|  300 |
|    0 |
| NULL |
| NULL |
| NULL |
| NULL |
| NULL |
| NULL |
| NULL |
| NULL |
| NULL |
| NULL |
| NULL |
| NULL |
| NULL |
| NULL |
| NULL |
| NULL |
| NULL |
| NULL |
| NULL |
| NULL |
| NULL |
| NULL |
+------+
30 rows in set (0.00 sec)

mysql> select comm from emp order by isnull(comm), comm desc;
+------+
| comm |
+------+
| 2700 |
| 2700 |
| 1400 |
| 1300 |
|  500 |
|  500 |
|  300 |
|    0 |
| NULL |
| NULL |
| NULL |
| NULL |
| NULL |
| NULL |
| NULL |
| NULL |
| NULL |
| NULL |
| NULL |
| NULL |
| NULL |
| NULL |
| NULL |
| NULL |
| NULL |
| NULL |
| NULL |
| NULL |
| NULL |
| NULL |
+------+
30 rows in set (0.00 sec)

mysql> select comm from emp order by isnull(comm)desc, comm desc;
+------+
| comm |
+------+
| NULL |
| NULL |
| NULL |
| NULL |
| NULL |
| NULL |
| NULL |
| NULL |
| NULL |
| NULL |
| NULL |
| NULL |
| NULL |
| NULL |
| NULL |
| NULL |
| NULL |
| NULL |
| NULL |
| NULL |
| NULL |
| NULL |
| 2700 |
| 2700 |
| 1400 |
| 1300 |
|  500 |
|  500 |
|  300 |
|    0 |
+------+
30 rows in set (0.00 sec)

mysql> select * from countnulls;
+----+----------+--------+-------+
| id | ename    | city   | phone |
+----+----------+--------+-------+
|  1 | saleel   | baroda |  NULL |
|  2 | sharmin  | pune   |  NULL |
|  3 | ruhan    | NULL   |  1111 |
|  4 | vrushali | NULL   |  2222 |
|  5 | neel     | NULL   |  3333 |
+----+----------+--------+-------+
5 rows in set (0.04 sec)

mysql> select * from countnulls order by city;
+----+----------+--------+-------+
| id | ename    | city   | phone |
+----+----------+--------+-------+
|  3 | ruhan    | NULL   |  1111 |
|  4 | vrushali | NULL   |  2222 |
|  5 | neel     | NULL   |  3333 |
|  1 | saleel   | baroda |  NULL |
|  2 | sharmin  | pune   |  NULL |
+----+----------+--------+-------+
5 rows in set (0.00 sec)

mysql> select * from countnulls order by isnull(city), city;
+----+----------+--------+-------+
| id | ename    | city   | phone |
+----+----------+--------+-------+
|  1 | saleel   | baroda |  NULL |
|  2 | sharmin  | pune   |  NULL |
|  3 | ruhan    | NULL   |  1111 |
|  4 | vrushali | NULL   |  2222 |
|  5 | neel     | NULL   |  3333 |
+----+----------+--------+-------+
5 rows in set (0.00 sec)

mysql> select * from countnulls order by isnull(city)desc, city;
+----+----------+--------+-------+
| id | ename    | city   | phone |
+----+----------+--------+-------+
|  3 | ruhan    | NULL   |  1111 |
|  4 | vrushali | NULL   |  2222 |
|  5 | neel     | NULL   |  3333 |
|  1 | saleel   | baroda |  NULL |
|  2 | sharmin  | pune   |  NULL |
+----+----------+--------+-------+
5 rows in set (0.00 sec)

mysql> select * from countnulls order by isnull(city), city desc;
+----+----------+--------+-------+
| id | ename    | city   | phone |
+----+----------+--------+-------+
|  2 | sharmin  | pune   |  NULL |
|  1 | saleel   | baroda |  NULL |
|  3 | ruhan    | NULL   |  1111 |
|  4 | vrushali | NULL   |  2222 |
|  5 | neel     | NULL   |  3333 |
+----+----------+--------+-------+
5 rows in set (0.00 sec)

mysql> select * from city;
+------+----------+
| id   | CityName |
+------+----------+
|    1 | Baroda   |
|    2 | Surat    |
|    3 | Bharuch  |
|    4 | Rajkot   |
|    5 | Jamnagar |
+------+----------+
5 rows in set (0.00 sec)

mysql> select * from city order by true;
+------+----------+
| id   | CityName |
+------+----------+
|    1 | Baroda   |
|    2 | Surat    |
|    3 | Bharuch  |
|    4 | Rajkot   |
|    5 | Jamnagar |
+------+----------+
5 rows in set (0.00 sec)

mysql> select c.* , true from city c;
+------+----------+------+
| id   | CityName | true |
+------+----------+------+
|    1 | Baroda   |    1 |
|    2 | Surat    |    1 |
|    3 | Bharuch  |    1 |
|    4 | Rajkot   |    1 |
|    5 | Jamnagar |    1 |
+------+----------+------+
5 rows in set (0.00 sec)

mysql> select c.* , length(cityname) from city c;
+------+----------+------------------+
| id   | CityName | length(cityname) |
+------+----------+------------------+
|    1 | Baroda   |                6 |
|    2 | Surat    |                5 |
|    3 | Bharuch  |                7 |
|    4 | Rajkot   |                6 |
|    5 | Jamnagar |                8 |
+------+----------+------------------+
5 rows in set (0.00 sec)

mysql> select c.* , length(cityname) from city c order by 3;
+------+----------+------------------+
| id   | CityName | length(cityname) |
+------+----------+------------------+
|    2 | Surat    |                5 |
|    1 | Baroda   |                6 |
|    4 | Rajkot   |                6 |
|    3 | Bharuch  |                7 |
|    5 | Jamnagar |                8 |
+------+----------+------------------+
5 rows in set (0.00 sec)

mysql> select c.* , length(cityname) from city c order by 2;
+------+----------+------------------+
| id   | CityName | length(cityname) |
+------+----------+------------------+
|    1 | Baroda   |                6 |
|    3 | Bharuch  |                7 |
|    5 | Jamnagar |                8 |
|    4 | Rajkot   |                6 |
|    2 | Surat    |                5 |
+------+----------+------------------+
5 rows in set (0.00 sec)

mysql> select c.* , length(cityname) from city c order by 2,2;
+------+----------+------------------+
| id   | CityName | length(cityname) |
+------+----------+------------------+
|    1 | Baroda   |                6 |
|    3 | Bharuch  |                7 |
|    5 | Jamnagar |                8 |
|    4 | Rajkot   |                6 |
|    2 | Surat    |                5 |
+------+----------+------------------+
5 rows in set (0.00 sec)

mysql> select c.* , length(cityname) from city c order by  length(cityname);
+------+----------+------------------+
| id   | CityName | length(cityname) |
+------+----------+------------------+
|    2 | Surat    |                5 |
|    1 | Baroda   |                6 |
|    4 | Rajkot   |                6 |
|    3 | Bharuch  |                7 |
|    5 | Jamnagar |                8 |
+------+----------+------------------+
5 rows in set (0.00 sec)

mysql> select c.* , length(cityname) from city c order by  length(cityname)desc;
+------+----------+------------------+
| id   | CityName | length(cityname) |
+------+----------+------------------+
|    5 | Jamnagar |                8 |
|    3 | Bharuch  |                7 |
|    1 | Baroda   |                6 |
|    4 | Rajkot   |                6 |
|    2 | Surat    |                5 |
+------+----------+------------------+
5 rows in set (0.00 sec)

mysql> select c.* , length(cityname) R1 from city c order by R1;
+------+----------+------+
| id   | CityName | R1   |
+------+----------+------+
|    2 | Surat    |    5 |
|    1 | Baroda   |    6 |
|    4 | Rajkot   |    6 |
|    3 | Bharuch  |    7 |
|    5 | Jamnagar |    8 |
+------+----------+------+
5 rows in set (0.00 sec)

mysql> select hiredate, monthname(hiredate) from emp;
+------------+---------------------+
| hiredate   | monthname(hiredate) |
+------------+---------------------+
| 1981-07-19 | July                |
| 1981-07-19 | July                |
| 1981-07-19 | July                |
| 1981-07-19 | July                |
| 1980-12-17 | December            |
| 1981-12-31 | December            |
| 1981-07-19 | July                |
| 1981-02-20 | February            |
| 1981-02-22 | February            |
| 1981-04-02 | April               |
| 1981-09-28 | September           |
| 1981-05-01 | May                 |
| 1981-06-09 | June                |
| 1982-12-09 | December            |
| 1981-11-17 | November            |
| 1983-08-09 | August              |
| 1981-09-08 | September           |
| 1983-01-12 | January             |
| 1983-08-09 | August              |
| 1983-08-09 | August              |
| 1981-12-03 | December            |
| 1981-12-03 | December            |
| 1982-03-24 | March               |
| 1980-02-14 | February            |
| 1982-01-23 | January             |
| 1980-02-14 | February            |
| 1982-01-24 | January             |
| 1981-07-19 | July                |
| 1981-07-19 | July                |
| 1981-07-19 | July                |
+------------+---------------------+
30 rows in set (0.00 sec)

mysql> select hiredate, monthname(hiredate) r1 from emp r1;
+------------+-----------+
| hiredate   | r1        |
+------------+-----------+
| 1981-07-19 | July      |
| 1981-07-19 | July      |
| 1981-07-19 | July      |
| 1981-07-19 | July      |
| 1980-12-17 | December  |
| 1981-12-31 | December  |
| 1981-07-19 | July      |
| 1981-02-20 | February  |
| 1981-02-22 | February  |
| 1981-04-02 | April     |
| 1981-09-28 | September |
| 1981-05-01 | May       |
| 1981-06-09 | June      |
| 1982-12-09 | December  |
| 1981-11-17 | November  |
| 1983-08-09 | August    |
| 1981-09-08 | September |
| 1983-01-12 | January   |
| 1983-08-09 | August    |
| 1983-08-09 | August    |
| 1981-12-03 | December  |
| 1981-12-03 | December  |
| 1982-03-24 | March     |
| 1980-02-14 | February  |
| 1982-01-23 | January   |
| 1980-02-14 | February  |
| 1982-01-24 | January   |
| 1981-07-19 | July      |
| 1981-07-19 | July      |
| 1981-07-19 | July      |
+------------+-----------+
30 rows in set (0.00 sec)

mysql> select hiredate, monthname(hiredate) r1, month(hiredate)r2  from emp r1;
+------------+-----------+------+
| hiredate   | r1        | r2   |
+------------+-----------+------+
| 1981-07-19 | July      |    7 |
| 1981-07-19 | July      |    7 |
| 1981-07-19 | July      |    7 |
| 1981-07-19 | July      |    7 |
| 1980-12-17 | December  |   12 |
| 1981-12-31 | December  |   12 |
| 1981-07-19 | July      |    7 |
| 1981-02-20 | February  |    2 |
| 1981-02-22 | February  |    2 |
| 1981-04-02 | April     |    4 |
| 1981-09-28 | September |    9 |
| 1981-05-01 | May       |    5 |
| 1981-06-09 | June      |    6 |
| 1982-12-09 | December  |   12 |
| 1981-11-17 | November  |   11 |
| 1983-08-09 | August    |    8 |
| 1981-09-08 | September |    9 |
| 1983-01-12 | January   |    1 |
| 1983-08-09 | August    |    8 |
| 1983-08-09 | August    |    8 |
| 1981-12-03 | December  |   12 |
| 1981-12-03 | December  |   12 |
| 1982-03-24 | March     |    3 |
| 1980-02-14 | February  |    2 |
| 1982-01-23 | January   |    1 |
| 1980-02-14 | February  |    2 |
| 1982-01-24 | January   |    1 |
| 1981-07-19 | July      |    7 |
| 1981-07-19 | July      |    7 |
| 1981-07-19 | July      |    7 |
+------------+-----------+------+
30 rows in set (0.01 sec)

mysql> select * from  orders;
+------+---------+---------------------+------+------+--------+--------------+------------+------------------+
| ONUM | AMT     | ODATE               | CNUM | SNUM | type   | paymentType  | registered | delivery_partner |
+------+---------+---------------------+------+------+--------+--------------+------------+------------------+
| 2322 |   750.1 | 1996-10-03 12:05:00 | NULL | 1004 | Online | PhonePe      |          0 | NULL             |
| 2364 |   750.1 | 1996-10-03 12:07:00 | NULL | 1004 | Online | PhonePe      |          0 | NULL             |
| 2475 |   750.1 | 1996-10-03 12:05:00 | NULL | 1004 | Online | PhonePe      |          0 | NULL             |
| 3001 |   18.69 | 1996-10-03 12:30:00 | 2008 | 1007 | Online | Credit Cards |          1 | NULL             |
| 3002 |  1900.1 | 1996-10-03 12:30:00 | 2007 | 1004 | Online | Wallets      |          1 | NULL             |
| 3003 |  767.19 | 1996-10-03 13:45:00 | 2001 | 1001 | Online | Debit Cards  |          1 | NULL             |
| 3005 | 5160.45 | 1996-10-03 14:00:00 | 2003 | 1002 | Online | Debit Cards  |          1 | NULL             |
| 3006 | 1098.16 | 1996-10-03 13:37:00 | 2008 | 1007 | Online | Wallets      |          1 | NULL             |
| 3007 |   75.75 | 1996-10-04 15:21:00 | 2002 | 1003 | Online | Credit Cards |          1 | NULL             |
| 3008 |    4723 | 1996-10-05 12:07:00 | 2006 | 1001 | Cash   | COD          |          0 | NULL             |
| 3009 | 1713.23 | 1996-10-04 15:21:00 | 2002 | 1003 | Online | Credit Cards |          1 | NULL             |
| 3010 | 1309.95 | 1996-10-06 13:12:00 | 2004 | 1002 | Online | EMI Options  |          1 | NULL             |
| 3011 | 9891.88 | 1996-10-06 13:09:00 | 2006 | 1001 | Online | EMI Options  |          1 | NULL             |
| 3012 | 3455.78 | 1996-10-04 15:21:00 | 2002 | 1003 | Cash   | COD          |          0 | NULL             |
| 3013 | 1245.98 | 1996-10-04 16:32:00 | 2002 | 1003 | Online | EMI Options  |          1 | NULL             |
| 3014 | 3721.53 | 1996-10-05 12:45:00 | 2006 | 1001 | Cash   | COD          |          0 | NULL             |
| 3015 |   734.5 | 1996-10-06 13:16:00 | 2004 | 1002 | Online | EMI Options  |          1 | NULL             |
| 3016 | 1729.67 | 1996-10-06 13:18:00 | 2006 | 1001 | Online | Wallets      |          1 | NULL             |
| 3017 |   18.69 | 1996-10-03 12:30:00 | 2001 | 1007 | Online | Credit Cards |          1 | NULL             |
| 3018 |  767.19 | 1996-10-03 12:05:00 | 2002 | 1001 | Online | Wallets      |          1 | NULL             |
| 3019 |  1900.1 | 1996-10-03 12:05:00 | 2007 | 1004 | Online | EMI Options  |          1 | NULL             |
| 3020 | 5160.45 | 1996-10-03 14:00:00 | 2003 | 1007 | Cash   | COD          |          0 | NULL             |
| 3021 | 1098.16 | 1996-10-03 13:37:00 | 2008 | 1007 | Online | Debit Cards  |          1 | NULL             |
| 3022 | 1713.23 | 1996-10-04 15:21:00 | 2002 | 1003 | Cash   | COD          |          0 | NULL             |
| 3023 |   75.75 | 1996-10-04 16:02:00 | 2002 | 1004 | Online | Wallets      |          1 | NULL             |
| 3024 |    4723 | 1996-10-05 12:07:00 | 2006 | 1002 | Online | Credit Cards |          1 | NULL             |
| 3025 | 1309.95 | 1996-10-06 13:12:00 | 2002 | 1002 | Online | Wallets      |          1 | NULL             |
| 3026 | 9891.88 | 1996-10-06 13:09:00 | 2006 | 1001 | Online | Wallets      |          1 | NULL             |
| 3027 | 3455.78 | 1996-10-04 15:21:00 | 2002 | 1003 | Cash   | COD          |          0 | NULL             |
| 3028 | 1245.98 | 1996-10-04 16:32:00 | 2002 | 1003 | Online | Debit Cards  |          1 | NULL             |
| 3029 | 3721.53 | 1996-10-05 12:45:00 | 2006 | 1001 | Online | Credit Cards |          1 | NULL             |
| 3030 |   734.5 | 1996-10-06 13:16:00 | 2004 | 1002 | Cash   | COD          |          0 | NULL             |
| 3031 | 1729.67 | 1996-10-06 13:07:00 | 2006 | 1007 | Online | Wallets      |          1 | NULL             |
| 3032 | 3434.55 | 1996-01-26 17:09:12 | 2006 | 1007 | Online | Wallets      |          1 | NULL             |
| 3033 |  522.23 | 1996-12-24 14:23:00 | 2002 | 1002 | Cash   | COD          |          0 | NULL             |
| 3049 |  500.58 | 1996-03-14 07:45:19 | 2001 | 1003 | Cash   | COD          |          0 | NULL             |
| 3050 |  1900.1 | 1996-10-03 12:05:00 | NULL | 1004 | Online | PhonePe      |          0 | NULL             |
| 3074 |   457.4 | 1996-04-19 05:13:00 | 2008 | 1007 | Online | EMI Options  |          1 | NULL             |
| 3119 |   125.5 | 1996-07-26 18:37:00 | 2007 | 1001 | Online | Wallets      |          1 | NULL             |
| 4001 |   145.2 | 1996-05-13 20:47:00 | 2008 | 1003 | Online | EMI Options  |          1 | NULL             |
| 4012 |   245.6 | 1996-03-06 13:07:00 | 2001 | 1002 | Online | Wallets      |          1 | NULL             |
| 4021 |  600.65 | 1996-08-12 13:07:00 | 2001 | 1002 | Online | Wallets      |          1 | NULL             |
| 4054 |  1200.8 | 1996-11-22 13:07:00 | 2004 | 1003 | Cash   | COD          |          0 | NULL             |
| 5001 |  325.23 | 1996-11-04 15:21:00 | NULL | 1002 | Online | GPay         |          0 | NULL             |
| 5011 |  138.35 | 1996-09-14 13:07:00 | 2001 | 1007 | Cash   | COD          |          0 | NULL             |
| 5014 |  980.65 | 1996-08-23 13:07:00 | 2002 | 1007 | Online | Wallets      |          1 | NULL             |
| 5015 | 2133.35 | 1996-06-23 13:07:00 | 2004 | 1007 | Online | EMI Options  |          1 | NULL             |
| 5016 | 1000.95 | 1996-03-12 13:07:00 | 2002 | 1007 | Cash   | COD          |          0 | NULL             |
| 5020 |  950.45 | 1996-10-03 14:00:00 | NULL | 1007 | Online | Paytm        |          0 | NULL             |
| 5034 |  120.16 | 1996-11-03 13:37:00 | NULL | 1003 | Cash   | COD          |          0 | NULL             |
| 5053 |  1500.5 | 1996-01-01 13:07:00 | 2006 | 1007 | Online | EMI Options  |          1 | NULL             |
| 5056 |   750.1 | 1996-10-03 12:05:00 | NULL | 1007 | Online | PhonePe      |          0 | NULL             |
| 5099 |  790.75 | 1996-04-24 13:07:00 | 2002 | 1007 | Online | EMI Options  |          1 | NULL             |
| 6501 |  125.45 | 1996-06-13 13:07:00 | 2001 | 1001 | Online | EMI Options  |          1 | NULL             |
| 6502 |  535.25 | 1996-08-24 13:07:00 | 2006 | 1004 | Cash   | COD          |          0 | NULL             |
| 6503 | 1100.25 | 1996-07-26 13:07:00 | 2006 | 1007 | Online | Wallets      |          1 | NULL             |
| 6504 | 1350.75 | 1996-07-21 13:07:00 | 2008 | 1007 | Cash   | COD          |          0 | NULL             |
| 6605 |  1900.1 | 1996-10-03 12:05:00 | NULL | 1004 | Online | PhonePe      |          0 | NULL             |
| 6606 | 5160.45 | 1996-10-03 14:00:00 | NULL | 1002 | Online | Paytm        |          0 | NULL             |
| 6607 | 1098.16 | 1996-11-03 13:37:00 | NULL | 1007 | Cash   | COD          |          0 | NULL             |
| 6608 | 1713.23 | 1996-11-04 15:21:00 | NULL | 1003 | Online | GPay         |          0 | NULL             |
+------+---------+---------------------+------+------+--------+--------------+------------+------------------+
61 rows in set (0.07 sec)

mysql> select paymenttype from orders;
+--------------+
| paymenttype  |
+--------------+
| PhonePe      |
| PhonePe      |
| PhonePe      |
| Credit Cards |
| Wallets      |
| Debit Cards  |
| Debit Cards  |
| Wallets      |
| Credit Cards |
| COD          |
| Credit Cards |
| EMI Options  |
| EMI Options  |
| COD          |
| EMI Options  |
| COD          |
| EMI Options  |
| Wallets      |
| Credit Cards |
| Wallets      |
| EMI Options  |
| COD          |
| Debit Cards  |
| COD          |
| Wallets      |
| Credit Cards |
| Wallets      |
| Wallets      |
| COD          |
| Debit Cards  |
| Credit Cards |
| COD          |
| Wallets      |
| Wallets      |
| COD          |
| COD          |
| PhonePe      |
| EMI Options  |
| Wallets      |
| EMI Options  |
| Wallets      |
| Wallets      |
| COD          |
| GPay         |
| COD          |
| Wallets      |
| EMI Options  |
| COD          |
| Paytm        |
| COD          |
| EMI Options  |
| PhonePe      |
| EMI Options  |
| EMI Options  |
| COD          |
| Wallets      |
| COD          |
| PhonePe      |
| Paytm        |
| COD          |
| GPay         |
+--------------+
61 rows in set (0.00 sec)

mysql> select paymenttype, field(paymenttype,'phonepe') from orders;
+--------------+------------------------------+
| paymenttype  | field(paymenttype,'phonepe') |
+--------------+------------------------------+
| PhonePe      |                            1 |
| PhonePe      |                            1 |
| PhonePe      |                            1 |
| Credit Cards |                            0 |
| Wallets      |                            0 |
| Debit Cards  |                            0 |
| Debit Cards  |                            0 |
| Wallets      |                            0 |
| Credit Cards |                            0 |
| COD          |                            0 |
| Credit Cards |                            0 |
| EMI Options  |                            0 |
| EMI Options  |                            0 |
| COD          |                            0 |
| EMI Options  |                            0 |
| COD          |                            0 |
| EMI Options  |                            0 |
| Wallets      |                            0 |
| Credit Cards |                            0 |
| Wallets      |                            0 |
| EMI Options  |                            0 |
| COD          |                            0 |
| Debit Cards  |                            0 |
| COD          |                            0 |
| Wallets      |                            0 |
| Credit Cards |                            0 |
| Wallets      |                            0 |
| Wallets      |                            0 |
| COD          |                            0 |
| Debit Cards  |                            0 |
| Credit Cards |                            0 |
| COD          |                            0 |
| Wallets      |                            0 |
| Wallets      |                            0 |
| COD          |                            0 |
| COD          |                            0 |
| PhonePe      |                            1 |
| EMI Options  |                            0 |
| Wallets      |                            0 |
| EMI Options  |                            0 |
| Wallets      |                            0 |
| Wallets      |                            0 |
| COD          |                            0 |
| GPay         |                            0 |
| COD          |                            0 |
| Wallets      |                            0 |
| EMI Options  |                            0 |
| COD          |                            0 |
| Paytm        |                            0 |
| COD          |                            0 |
| EMI Options  |                            0 |
| PhonePe      |                            1 |
| EMI Options  |                            0 |
| EMI Options  |                            0 |
| COD          |                            0 |
| Wallets      |                            0 |
| COD          |                            0 |
| PhonePe      |                            1 |
| Paytm        |                            0 |
| COD          |                            0 |
| GPay         |                            0 |
+--------------+------------------------------+
61 rows in set (0.00 sec)

mysql> select paymenttype, field(paymenttype,'phonepe','gpay','wallets','credit cards','debit cards','EMI options','paytm') from orders;
+--------------+--------------------------------------------------------------------------------------------------+
| paymenttype  | field(paymenttype,'phonepe','gpay','wallets','credit cards','debit cards','EMI options','paytm') |
+--------------+--------------------------------------------------------------------------------------------------+
| PhonePe      |                                                                                                1 |
| PhonePe      |                                                                                                1 |
| PhonePe      |                                                                                                1 |
| Credit Cards |                                                                                                4 |
| Wallets      |                                                                                                3 |
| Debit Cards  |                                                                                                5 |
| Debit Cards  |                                                                                                5 |
| Wallets      |                                                                                                3 |
| Credit Cards |                                                                                                4 |
| COD          |                                                                                                0 |
| Credit Cards |                                                                                                4 |
| EMI Options  |                                                                                                6 |
| EMI Options  |                                                                                                6 |
| COD          |                                                                                                0 |
| EMI Options  |                                                                                                6 |
| COD          |                                                                                                0 |
| EMI Options  |                                                                                                6 |
| Wallets      |                                                                                                3 |
| Credit Cards |                                                                                                4 |
| Wallets      |                                                                                                3 |
| EMI Options  |                                                                                                6 |
| COD          |                                                                                                0 |
| Debit Cards  |                                                                                                5 |
| COD          |                                                                                                0 |
| Wallets      |                                                                                                3 |
| Credit Cards |                                                                                                4 |
| Wallets      |                                                                                                3 |
| Wallets      |                                                                                                3 |
| COD          |                                                                                                0 |
| Debit Cards  |                                                                                                5 |
| Credit Cards |                                                                                                4 |
| COD          |                                                                                                0 |
| Wallets      |                                                                                                3 |
| Wallets      |                                                                                                3 |
| COD          |                                                                                                0 |
| COD          |                                                                                                0 |
| PhonePe      |                                                                                                1 |
| EMI Options  |                                                                                                6 |
| Wallets      |                                                                                                3 |
| EMI Options  |                                                                                                6 |
| Wallets      |                                                                                                3 |
| Wallets      |                                                                                                3 |
| COD          |                                                                                                0 |
| GPay         |                                                                                                2 |
| COD          |                                                                                                0 |
| Wallets      |                                                                                                3 |
| EMI Options  |                                                                                                6 |
| COD          |                                                                                                0 |
| Paytm        |                                                                                                7 |
| COD          |                                                                                                0 |
| EMI Options  |                                                                                                6 |
| PhonePe      |                                                                                                1 |
| EMI Options  |                                                                                                6 |
| EMI Options  |                                                                                                6 |
| COD          |                                                                                                0 |
| Wallets      |                                                                                                3 |
| COD          |                                                                                                0 |
| PhonePe      |                                                                                                1 |
| Paytm        |                                                                                                7 |
| COD          |                                                                                                0 |
| GPay         |                                                                                                2 |
+--------------+--------------------------------------------------------------------------------------------------+
61 rows in set (0.00 sec)

mysql> select paymenttype, field(paymenttype,'cod','phonepe','gpay','wallets','credit cards','debit cards','EMI options','paytm') from orders;
+--------------+--------------------------------------------------------------------------------------------------------+
| paymenttype  | field(paymenttype,'cod','phonepe','gpay','wallets','credit cards','debit cards','EMI options','paytm') |
+--------------+--------------------------------------------------------------------------------------------------------+
| PhonePe      |                                                                                                      2 |
| PhonePe      |                                                                                                      2 |
| PhonePe      |                                                                                                      2 |
| Credit Cards |                                                                                                      5 |
| Wallets      |                                                                                                      4 |
| Debit Cards  |                                                                                                      6 |
| Debit Cards  |                                                                                                      6 |
| Wallets      |                                                                                                      4 |
| Credit Cards |                                                                                                      5 |
| COD          |                                                                                                      1 |
| Credit Cards |                                                                                                      5 |
| EMI Options  |                                                                                                      7 |
| EMI Options  |                                                                                                      7 |
| COD          |                                                                                                      1 |
| EMI Options  |                                                                                                      7 |
| COD          |                                                                                                      1 |
| EMI Options  |                                                                                                      7 |
| Wallets      |                                                                                                      4 |
| Credit Cards |                                                                                                      5 |
| Wallets      |                                                                                                      4 |
| EMI Options  |                                                                                                      7 |
| COD          |                                                                                                      1 |
| Debit Cards  |                                                                                                      6 |
| COD          |                                                                                                      1 |
| Wallets      |                                                                                                      4 |
| Credit Cards |                                                                                                      5 |
| Wallets      |                                                                                                      4 |
| Wallets      |                                                                                                      4 |
| COD          |                                                                                                      1 |
| Debit Cards  |                                                                                                      6 |
| Credit Cards |                                                                                                      5 |
| COD          |                                                                                                      1 |
| Wallets      |                                                                                                      4 |
| Wallets      |                                                                                                      4 |
| COD          |                                                                                                      1 |
| COD          |                                                                                                      1 |
| PhonePe      |                                                                                                      2 |
| EMI Options  |                                                                                                      7 |
| Wallets      |                                                                                                      4 |
| EMI Options  |                                                                                                      7 |
| Wallets      |                                                                                                      4 |
| Wallets      |                                                                                                      4 |
| COD          |                                                                                                      1 |
| GPay         |                                                                                                      3 |
| COD          |                                                                                                      1 |
| Wallets      |                                                                                                      4 |
| EMI Options  |                                                                                                      7 |
| COD          |                                                                                                      1 |
| Paytm        |                                                                                                      8 |
| COD          |                                                                                                      1 |
| EMI Options  |                                                                                                      7 |
| PhonePe      |                                                                                                      2 |
| EMI Options  |                                                                                                      7 |
| EMI Options  |                                                                                                      7 |
| COD          |                                                                                                      1 |
| Wallets      |                                                                                                      4 |
| COD          |                                                                                                      1 |
| PhonePe      |                                                                                                      2 |
| Paytm        |                                                                                                      8 |
| COD          |                                                                                                      1 |
| GPay         |                                                                                                      3 |
+--------------+--------------------------------------------------------------------------------------------------------+
61 rows in set (0.00 sec)

mysql> select paymenttype, field(paymenttype,'cod','phonepe','gpay','wallets','credit cards','debit cards','EMI options','paytm') R1 from orders order by R1;
+--------------+----+
| paymenttype  | R1 |
+--------------+----+
| COD          |  1 |
| COD          |  1 |
| COD          |  1 |
| COD          |  1 |
| COD          |  1 |
| COD          |  1 |
| COD          |  1 |
| COD          |  1 |
| COD          |  1 |
| COD          |  1 |
| COD          |  1 |
| COD          |  1 |
| COD          |  1 |
| COD          |  1 |
| COD          |  1 |
| COD          |  1 |
| PhonePe      |  2 |
| PhonePe      |  2 |
| PhonePe      |  2 |
| PhonePe      |  2 |
| PhonePe      |  2 |
| PhonePe      |  2 |
| GPay         |  3 |
| GPay         |  3 |
| Wallets      |  4 |
| Wallets      |  4 |
| Wallets      |  4 |
| Wallets      |  4 |
| Wallets      |  4 |
| Wallets      |  4 |
| Wallets      |  4 |
| Wallets      |  4 |
| Wallets      |  4 |
| Wallets      |  4 |
| Wallets      |  4 |
| Wallets      |  4 |
| Wallets      |  4 |
| Wallets      |  4 |
| Credit Cards |  5 |
| Credit Cards |  5 |
| Credit Cards |  5 |
| Credit Cards |  5 |
| Credit Cards |  5 |
| Credit Cards |  5 |
| Debit Cards  |  6 |
| Debit Cards  |  6 |
| Debit Cards  |  6 |
| Debit Cards  |  6 |
| EMI Options  |  7 |
| EMI Options  |  7 |
| EMI Options  |  7 |
| EMI Options  |  7 |
| EMI Options  |  7 |
| EMI Options  |  7 |
| EMI Options  |  7 |
| EMI Options  |  7 |
| EMI Options  |  7 |
| EMI Options  |  7 |
| EMI Options  |  7 |
| Paytm        |  8 |
| Paytm        |  8 |
+--------------+----+
61 rows in set (0.00 sec)

mysql> select paymenttype, field(paymenttype,'cod','phonepe','gpay','wallets','credit cards','debit cards','EMI options','paytm') R1 from orders order by R1 desc;
+--------------+----+
| paymenttype  | R1 |
+--------------+----+
| Paytm        |  8 |
| Paytm        |  8 |
| EMI Options  |  7 |
| EMI Options  |  7 |
| EMI Options  |  7 |
| EMI Options  |  7 |
| EMI Options  |  7 |
| EMI Options  |  7 |
| EMI Options  |  7 |
| EMI Options  |  7 |
| EMI Options  |  7 |
| EMI Options  |  7 |
| EMI Options  |  7 |
| Debit Cards  |  6 |
| Debit Cards  |  6 |
| Debit Cards  |  6 |
| Debit Cards  |  6 |
| Credit Cards |  5 |
| Credit Cards |  5 |
| Credit Cards |  5 |
| Credit Cards |  5 |
| Credit Cards |  5 |
| Credit Cards |  5 |
| Wallets      |  4 |
| Wallets      |  4 |
| Wallets      |  4 |
| Wallets      |  4 |
| Wallets      |  4 |
| Wallets      |  4 |
| Wallets      |  4 |
| Wallets      |  4 |
| Wallets      |  4 |
| Wallets      |  4 |
| Wallets      |  4 |
| Wallets      |  4 |
| Wallets      |  4 |
| Wallets      |  4 |
| GPay         |  3 |
| GPay         |  3 |
| PhonePe      |  2 |
| PhonePe      |  2 |
| PhonePe      |  2 |
| PhonePe      |  2 |
| PhonePe      |  2 |
| PhonePe      |  2 |
| COD          |  1 |
| COD          |  1 |
| COD          |  1 |
| COD          |  1 |
| COD          |  1 |
| COD          |  1 |
| COD          |  1 |
| COD          |  1 |
| COD          |  1 |
| COD          |  1 |
| COD          |  1 |
| COD          |  1 |
| COD          |  1 |
| COD          |  1 |
| COD          |  1 |
| COD          |  1 |
+--------------+----+
61 rows in set (0.00 sec)

mysql> show tables;
+---------------------+
| Tables_in_dac83     |
+---------------------+
| a                   |
| activity            |
| agent               |
| airline_seats       |
| andor               |
| atm                 |
| b                   |
| bankloan            |
| batch_schedule      |
| betweensalary       |
| bitwise             |
| blanktablea         |
| blanktableb         |
| blog                |
| bonus               |
| books               |
| brands              |
| bus_stops           |
| cafe                |
| candidate           |
| cardpayments        |
| cashpayments        |
| categories          |
| category            |
| city                |
| classandsubjects    |
| client              |
| cnumbers            |
| coalesce            |
| comments            |
| company             |
| countnulls          |
| countnumbers        |
| cricketwinnerteam   |
| customer            |
| customers           |
| demodept1           |
| demodept2           |
| dept                |
| dept1               |
| dhl                 |
| docs                |
| doctor              |
| doctorvisits        |
| dummy               |
| duplicate           |
| emp                 |
| emp1                |
| emp2                |
| emp_attendance      |
| emp_cards           |
| emp_phone           |
| empj                |
| envelope            |
| facebook            |
| fedex               |
| food                |
| food_category_tags  |
| food_items          |
| fromstoreorders     |
| fruits              |
| fullname            |
| hall_ticket         |
| hobby               |
| ipl                 |
| item                |
| job_list            |
| key_parts           |
| labtestlist         |
| leading_zeroes      |
| leadtable           |
| licence             |
| linkedin            |
| location            |
| managers            |
| mass_table          |
| medicinelist        |
| menucard            |
| missingnumbers      |
| nearest             |
| new                 |
| newbooks            |
| null1               |
| null2               |
| nullif              |
| numberstring        |
| onlineorders        |
| ord                 |
| order1              |
| order_items         |
| orderdetails        |
| orders              |
| overlapping_dates   |
| overtime            |
| patient             |
| phonecall           |
| pivot_table         |
| plumber             |
| plumber_service_map |
| points              |
| population          |
| price               |
| product             |
| product_sales       |
| products            |
| pune_metro_stations |
| quarterly_revenue   |
| r                   |
| r1                  |
| r2                  |
| races               |
| regexpr             |
| repeatingnumbers    |
| replacedept         |
| reservations        |
| revenue             |
| rockets             |
| room_assigned       |
| room_staff          |
| rooms               |
| runners             |
| runningserver       |
| sales               |
| sales1              |
| sales_channel       |
| salespeople         |
| salesperson         |
| salgrade            |
| server              |
| service             |
| seta                |
| setb                |
| shop                |
| softdrink           |
| sort                |
| sourcecity          |
| sourcenames         |
| stadium             |
| stages              |
| states              |
| station             |
| status              |
| stocks              |
| stringnumber        |
| student             |
| swapcity            |
| tablea              |
| tableaa             |
| tableb              |
| tablebb             |
| targetcity          |
| targetnames         |
| tasks               |
| teams               |
| temp1               |
| trainers            |
| trains              |
| traintimetable      |
| transactions        |
| unpivot_table       |
| ups                 |
| vote_response       |
| votes               |
| warehouse           |
| x                   |
| year_of_service     |
| yearly_revenue      |
| years               |
| z                   |
+---------------------+
169 rows in set (0.01 sec)

mysql> select * from emp;
+-------+----------+--------+---------------------+------+------------+------+------+--------+---------+--------------+------------+------------+----------+
| EMPNO | ENAME    | GENDER | JOB                 | MGR  | HIREDATE   | SAL  | COMM | DEPTNO | BONUSID | USER NAME    | PWD        | PHONE      | isActive |
+-------+----------+--------+---------------------+------+------------+------+------+--------+---------+--------------+------------+------------+----------+
|  6001 | GITA     | F      | Compliance officers | 7920 | 1981-07-19 | 1750 | NULL |     30 |       1 | GITA         | sales@2017 | NULL       |        1 |
|  6129 | VRUSHALI | F      | Compliance officers | 7920 | 1981-07-19 | 1750 | NULL |     50 |       1 | VRUSHALI     | PUN@8877   | NULL       |        1 |
|  6473 | SHARMIN  | F      | Public Relation     | 7920 | 1981-07-19 | 1750 | NULL |     20 |       1 | SHARMIN      | a12recmpm  | NULL       |        1 |
|  6781 | BANDISH  | F      | Public Relation     | 7920 | 1981-07-19 | 1750 | NULL |     20 |       1 | BANDISH      | a12recmpm  | NULL       |        1 |
|  7369 | SMITH    | M      | CLERK               | 7902 | 1980-12-17 |  800 | NULL |     20 |       2 | TRITONE      | a12recmpm  | 7032300023 |        0 |
|  7415 | AARAV    | M      | CLERK               | 7902 | 1981-12-31 | 3350 | NULL |     10 |    NULL | AARAV        | NULL       | 7032300084 |        0 |
|  7421 | THOMAS   | M      | CLERK               | 7920 | 1981-07-19 | 1750 | NULL |     10 |       1 | THOMAS       | r50mpm     | 7032300011 |        0 |
|  7499 | ALLEN    | M      | SALESMAN            | 7698 | 1981-02-20 | 1600 |  300 |     30 |       4 | ALWAYS TESTE | sales@2017 | 7032300096 |        1 |
|  7521 | WARD     | M      | SALESMAN            | 7698 | 1981-02-22 | 1250 |  500 |     30 |       1 | WARD         | sales@2017 | 7132300034 |        1 |
|  7566 | JONES    | M      | MANAGER             | 7839 | 1981-04-02 | 2975 | NULL |     20 |       4 | HONEYCOMB    | a12recmpm  | 7132300039 |        1 |
|  7654 | MARTIN   | M      | SALESMAN            | 7698 | 1981-09-28 | 1250 | 1400 |     30 |       6 | LIFE RACER   | sales@2017 | 7132300050 |        1 |
|  7698 | BLAKE    | M      | MANAGER             | 7839 | 1981-05-01 | 2850 | NULL |     30 |       1 | BIG BEN      | sales@2017 | 7132300027 |        1 |
|  7782 | CLARK    | M      | MANAGER             | 7839 | 1981-06-09 | 2450 | NULL |     10 |       3 | CLARK        | r50mpm     | 7032300001 |        1 |
|  7788 | SCOTT    | M      | ANALYST             | 7566 | 1982-12-09 | 3000 | NULL |     20 |       3 | WHITE SAND   | a12recmpm  | NULL       |        1 |
|  7839 | KING     | M      | PRESIDENT           | NULL | 1981-11-17 | 5000 | NULL |     10 |       1 | KING         | r50mpm     | 7132300081 |        1 |
|  7840 | FRED     | M      | vice PRESIDENT      | 7839 | 1983-08-09 | 5000 | NULL |     20 |       1 | SAND STONE   | a12recmpm  | NULL       |        1 |
|  7844 | TURNER   | M      | SALESMAN            | 7698 | 1981-09-08 | 1500 |    0 |     30 |       5 | SAND DUST    | sales@2017 | NULL       |        1 |
|  7876 | ADAMS    | M      | CLERK               | 7788 | 1983-01-12 | 1100 | NULL |     20 |       1 | CRAZY ANYONE | a12recmpm  | 7132300086 |        1 |
|  7888 | Ruhan    | M      | Network             | 7888 | 1983-08-09 | 2000 | NULL |     60 |       1 | Ruhan        | BRD@1122   | NULL       |        1 |
|  7889 | Neel     | M      | vice PRESIDENT      | 7839 | 1983-08-09 | 1000 | NULL |     60 |       0 | Neel         | BRD@1122   | NULL       |        1 |
|  7900 | JAMES    | M      | CLERK               | 7698 | 1981-12-03 |  950 | NULL |     30 |       2 | CRAZY LEADER | sales@2017 | 7132300042 |        1 |
|  7902 | FORD     | M      | ANALYST             | 7566 | 1981-12-03 | 3000 | NULL |     20 |       4 | CONBRIO      | a12recmpm  | NULL       |        0 |
|  7919 | HOFFMAN  | M      | MANAGER             | 7566 | 1982-03-24 | 4150 | NULL |     30 |       3 | INTERVAL     | sales@2017 | NULL       |        1 |
|  7920 | GRASS    | M      | SALESMAN            | 7919 | 1980-02-14 | 2575 | 2700 |     30 |       5 | GRASS        | sales@2017 | NULL       |        1 |
|  7934 | MILLER   | M      | CLERK               | 7782 | 1982-01-23 | 1300 | 1300 |     10 |       2 | QUARTERNOTE  | r50mpm     | 7132300055 |        0 |
|  7945 | AARUSH   | M      | SALESMAN            | 7902 | 1980-02-14 | 1350 | 2700 |     30 |    NULL | AARUSH       | ABCDEF     | NULL       |        0 |
|  7949 | ALEX     | M      | MANAGER             | 7698 | 1982-01-24 | 1250 |  500 |     30 |       5 | QUARTERREST  | sales@2017 | 7156567183 |        1 |
|  8433 | NATASHA  | F      | CLERK               | 7920 | 1981-07-19 | 1750 | NULL |     30 |       1 | NATASHA      | sales@2017 | NULL       |        1 |
|  9400 | SANGITA  | F      | Compliance officers | 7920 | 1981-07-19 | 1750 | NULL |     50 |       1 | SANGITA      | NULL       | NULL       |        1 |
|  9473 | SUPRIYA  | F      | ANALYST             | 7920 | 1981-07-19 | 1750 | NULL |     50 |       1 | SUPRIYA      | XYZ@1234   | NULL       |        1 |
+-------+----------+--------+---------------------+------+------------+------+------+--------+---------+--------------+------------+------------+----------+
30 rows in set (0.00 sec)

mysql> select * from years;
+------+
| c1   |
+------+
| 2000 |
| 2001 |
| 2002 |
| 2003 |
| 2004 |
| 2005 |
| 2006 |
| 2007 |
| 2008 |
| 2009 |
| 2010 |
| 2011 |
| 2012 |
| 2013 |
| 2014 |
| 2015 |
| 2016 |
| 2017 |
| 2018 |
| 2019 |
| 2020 |
| 2021 |
| 2022 |
| 2023 |
| 2024 |
| 2025 |
+------+
26 rows in set (0.05 sec)

mysql> select hiredate,monthname(hiredate) R1, month(hiredate) R2 from emp;
+------------+-----------+------+
| hiredate   | R1        | R2   |
+------------+-----------+------+
| 1981-07-19 | July      |    7 |
| 1981-07-19 | July      |    7 |
| 1981-07-19 | July      |    7 |
| 1981-07-19 | July      |    7 |
| 1980-12-17 | December  |   12 |
| 1981-12-31 | December  |   12 |
| 1981-07-19 | July      |    7 |
| 1981-02-20 | February  |    2 |
| 1981-02-22 | February  |    2 |
| 1981-04-02 | April     |    4 |
| 1981-09-28 | September |    9 |
| 1981-05-01 | May       |    5 |
| 1981-06-09 | June      |    6 |
| 1982-12-09 | December  |   12 |
| 1981-11-17 | November  |   11 |
| 1983-08-09 | August    |    8 |
| 1981-09-08 | September |    9 |
| 1983-01-12 | January   |    1 |
| 1983-08-09 | August    |    8 |
| 1983-08-09 | August    |    8 |
| 1981-12-03 | December  |   12 |
| 1981-12-03 | December  |   12 |
| 1982-03-24 | March     |    3 |
| 1980-02-14 | February  |    2 |
| 1982-01-23 | January   |    1 |
| 1980-02-14 | February  |    2 |
| 1982-01-24 | January   |    1 |
| 1981-07-19 | July      |    7 |
| 1981-07-19 | July      |    7 |
| 1981-07-19 | July      |    7 |
+------------+-----------+------+
30 rows in set (0.00 sec)

mysql> select hiredate,monthname(hiredate) R1, month(hiredate) R2 from emp order by month(hiredate);
+------------+-----------+------+
| hiredate   | R1        | R2   |
+------------+-----------+------+
| 1983-01-12 | January   |    1 |
| 1982-01-23 | January   |    1 |
| 1982-01-24 | January   |    1 |
| 1981-02-20 | February  |    2 |
| 1981-02-22 | February  |    2 |
| 1980-02-14 | February  |    2 |
| 1980-02-14 | February  |    2 |
| 1982-03-24 | March     |    3 |
| 1981-04-02 | April     |    4 |
| 1981-05-01 | May       |    5 |
| 1981-06-09 | June      |    6 |
| 1981-07-19 | July      |    7 |
| 1981-07-19 | July      |    7 |
| 1981-07-19 | July      |    7 |
| 1981-07-19 | July      |    7 |
| 1981-07-19 | July      |    7 |
| 1981-07-19 | July      |    7 |
| 1981-07-19 | July      |    7 |
| 1981-07-19 | July      |    7 |
| 1983-08-09 | August    |    8 |
| 1983-08-09 | August    |    8 |
| 1983-08-09 | August    |    8 |
| 1981-09-28 | September |    9 |
| 1981-09-08 | September |    9 |
| 1981-11-17 | November  |   11 |
| 1980-12-17 | December  |   12 |
| 1981-12-31 | December  |   12 |
| 1982-12-09 | December  |   12 |
| 1981-12-03 | December  |   12 |
| 1981-12-03 | December  |   12 |
+------------+-----------+------+
30 rows in set (0.00 sec)

mysql> select hiredate ,field(hiredate,'January','February','March','April','May','June','July','August','September','November','December') from emp;
+------------+---------------------------------------------------------------------------------------------------------------------+
| hiredate   | field(hiredate,'January','February','March','April','May','June','July','August','September','November','December') |
+------------+---------------------------------------------------------------------------------------------------------------------+
| 1981-07-19 |                                                                                                                   0 |
| 1981-07-19 |                                                                                                                   0 |
| 1981-07-19 |                                                                                                                   0 |
| 1981-07-19 |                                                                                                                   0 |
| 1980-12-17 |                                                                                                                   0 |
| 1981-12-31 |                                                                                                                   0 |
| 1981-07-19 |                                                                                                                   0 |
| 1981-02-20 |                                                                                                                   0 |
| 1981-02-22 |                                                                                                                   0 |
| 1981-04-02 |                                                                                                                   0 |
| 1981-09-28 |                                                                                                                   0 |
| 1981-05-01 |                                                                                                                   0 |
| 1981-06-09 |                                                                                                                   0 |
| 1982-12-09 |                                                                                                                   0 |
| 1981-11-17 |                                                                                                                   0 |
| 1983-08-09 |                                                                                                                   0 |
| 1981-09-08 |                                                                                                                   0 |
| 1983-01-12 |                                                                                                                   0 |
| 1983-08-09 |                                                                                                                   0 |
| 1983-08-09 |                                                                                                                   0 |
| 1981-12-03 |                                                                                                                   0 |
| 1981-12-03 |                                                                                                                   0 |
| 1982-03-24 |                                                                                                                   0 |
| 1980-02-14 |                                                                                                                   0 |
| 1982-01-23 |                                                                                                                   0 |
| 1980-02-14 |                                                                                                                   0 |
| 1982-01-24 |                                                                                                                   0 |
| 1981-07-19 |                                                                                                                   0 |
| 1981-07-19 |                                                                                                                   0 |
| 1981-07-19 |                                                                                                                   0 |
+------------+---------------------------------------------------------------------------------------------------------------------+
30 rows in set (0.00 sec)

mysql> select hiredate ,field(month(hiredate),'January','February','March','April','May','June','July','August','September','November','December') from emp;
+------------+----------------------------------------------------------------------------------------------------------------------------+
| hiredate   | field(month(hiredate),'January','February','March','April','May','June','July','August','September','November','December') |
+------------+----------------------------------------------------------------------------------------------------------------------------+
| 1981-07-19 |                                                                                                                          0 |
| 1981-07-19 |                                                                                                                          0 |
| 1981-07-19 |                                                                                                                          0 |
| 1981-07-19 |                                                                                                                          0 |
| 1980-12-17 |                                                                                                                          0 |
| 1981-12-31 |                                                                                                                          0 |
| 1981-07-19 |                                                                                                                          0 |
| 1981-02-20 |                                                                                                                          0 |
| 1981-02-22 |                                                                                                                          0 |
| 1981-04-02 |                                                                                                                          0 |
| 1981-09-28 |                                                                                                                          0 |
| 1981-05-01 |                                                                                                                          0 |
| 1981-06-09 |                                                                                                                          0 |
| 1982-12-09 |                                                                                                                          0 |
| 1981-11-17 |                                                                                                                          0 |
| 1983-08-09 |                                                                                                                          0 |
| 1981-09-08 |                                                                                                                          0 |
| 1983-01-12 |                                                                                                                          0 |
| 1983-08-09 |                                                                                                                          0 |
| 1983-08-09 |                                                                                                                          0 |
| 1981-12-03 |                                                                                                                          0 |
| 1981-12-03 |                                                                                                                          0 |
| 1982-03-24 |                                                                                                                          0 |
| 1980-02-14 |                                                                                                                          0 |
| 1982-01-23 |                                                                                                                          0 |
| 1980-02-14 |                                                                                                                          0 |
| 1982-01-24 |                                                                                                                          0 |
| 1981-07-19 |                                                                                                                          0 |
| 1981-07-19 |                                                                                                                          0 |
| 1981-07-19 |                                                                                                                          0 |
+------------+----------------------------------------------------------------------------------------------------------------------------+
30 rows in set, 330 warnings (0.00 sec)

mysql> select hiredate ,field(month(hiredate),'January','February','March','April','May','June','July','August','September','November','December') R1 from emp;
+------------+----+
| hiredate   | R1 |
+------------+----+
| 1981-07-19 |  0 |
| 1981-07-19 |  0 |
| 1981-07-19 |  0 |
| 1981-07-19 |  0 |
| 1980-12-17 |  0 |
| 1981-12-31 |  0 |
| 1981-07-19 |  0 |
| 1981-02-20 |  0 |
| 1981-02-22 |  0 |
| 1981-04-02 |  0 |
| 1981-09-28 |  0 |
| 1981-05-01 |  0 |
| 1981-06-09 |  0 |
| 1982-12-09 |  0 |
| 1981-11-17 |  0 |
| 1983-08-09 |  0 |
| 1981-09-08 |  0 |
| 1983-01-12 |  0 |
| 1983-08-09 |  0 |
| 1983-08-09 |  0 |
| 1981-12-03 |  0 |
| 1981-12-03 |  0 |
| 1982-03-24 |  0 |
| 1980-02-14 |  0 |
| 1982-01-23 |  0 |
| 1980-02-14 |  0 |
| 1982-01-24 |  0 |
| 1981-07-19 |  0 |
| 1981-07-19 |  0 |
| 1981-07-19 |  0 |
+------------+----+
30 rows in set, 330 warnings (0.00 sec)

mysql> select month(hiredate) ,field(month(hiredate),'January','February','March','April','May','June','July','August','September','November','December') R1 from emp;
+-----------------+----+
| month(hiredate) | R1 |
+-----------------+----+
|               7 |  0 |
|               7 |  0 |
|               7 |  0 |
|               7 |  0 |
|              12 |  0 |
|              12 |  0 |
|               7 |  0 |
|               2 |  0 |
|               2 |  0 |
|               4 |  0 |
|               9 |  0 |
|               5 |  0 |
|               6 |  0 |
|              12 |  0 |
|              11 |  0 |
|               8 |  0 |
|               9 |  0 |
|               1 |  0 |
|               8 |  0 |
|               8 |  0 |
|              12 |  0 |
|              12 |  0 |
|               3 |  0 |
|               2 |  0 |
|               1 |  0 |
|               2 |  0 |
|               1 |  0 |
|               7 |  0 |
|               7 |  0 |
|               7 |  0 |
+-----------------+----+
30 rows in set, 330 warnings (0.00 sec)

mysql> select month(hiredate) ,field(monthname(hiredate),'January','February','March','April','May','June','July','August','September','November','December') R1 from emp;
+-----------------+----+
| month(hiredate) | R1 |
+-----------------+----+
|               7 |  7 |
|               7 |  7 |
|               7 |  7 |
|               7 |  7 |
|              12 | 11 |
|              12 | 11 |
|               7 |  7 |
|               2 |  2 |
|               2 |  2 |
|               4 |  4 |
|               9 |  9 |
|               5 |  5 |
|               6 |  6 |
|              12 | 11 |
|              11 | 10 |
|               8 |  8 |
|               9 |  9 |
|               1 |  1 |
|               8 |  8 |
|               8 |  8 |
|              12 | 11 |
|              12 | 11 |
|               3 |  3 |
|               2 |  2 |
|               1 |  1 |
|               2 |  2 |
|               1 |  1 |
|               7 |  7 |
|               7 |  7 |
|               7 |  7 |
+-----------------+----+
30 rows in set (0.00 sec)

mysql> select monthname(hiredate) ,field(monthname(hiredate),'January','February','March','April','May','June','July','August','September','November','December') R1 from emp;
+---------------------+----+
| monthname(hiredate) | R1 |
+---------------------+----+
| July                |  7 |
| July                |  7 |
| July                |  7 |
| July                |  7 |
| December            | 11 |
| December            | 11 |
| July                |  7 |
| February            |  2 |
| February            |  2 |
| April               |  4 |
| September           |  9 |
| May                 |  5 |
| June                |  6 |
| December            | 11 |
| November            | 10 |
| August              |  8 |
| September           |  9 |
| January             |  1 |
| August              |  8 |
| August              |  8 |
| December            | 11 |
| December            | 11 |
| March               |  3 |
| February            |  2 |
| January             |  1 |
| February            |  2 |
| January             |  1 |
| July                |  7 |
| July                |  7 |
| July                |  7 |
+---------------------+----+
30 rows in set (0.00 sec)

mysql> select monthname(hiredate) ,field(monthname(hiredate),'January','February','March','April','May','June','July','August','September','November','December') R1 from emp order by monthname(hiredate);
+---------------------+----+
| monthname(hiredate) | R1 |
+---------------------+----+
| April               |  4 |
| August              |  8 |
| August              |  8 |
| August              |  8 |
| December            | 11 |
| December            | 11 |
| December            | 11 |
| December            | 11 |
| December            | 11 |
| February            |  2 |
| February            |  2 |
| February            |  2 |
| February            |  2 |
| January             |  1 |
| January             |  1 |
| January             |  1 |
| July                |  7 |
| July                |  7 |
| July                |  7 |
| July                |  7 |
| July                |  7 |
| July                |  7 |
| July                |  7 |
| July                |  7 |
| June                |  6 |
| March               |  3 |
| May                 |  5 |
| November            | 10 |
| September           |  9 |
| September           |  9 |
+---------------------+----+
30 rows in set (0.00 sec)

mysql> select monthname(hiredate) ,field(monthname(hiredate),'January','February','March','April','May','June','July','August','September','November','December') R1 from emp order by hiredate;
+---------------------+----+
| monthname(hiredate) | R1 |
+---------------------+----+
| February            |  2 |
| February            |  2 |
| December            | 11 |
| February            |  2 |
| February            |  2 |
| April               |  4 |
| May                 |  5 |
| June                |  6 |
| July                |  7 |
| July                |  7 |
| July                |  7 |
| July                |  7 |
| July                |  7 |
| July                |  7 |
| July                |  7 |
| July                |  7 |
| September           |  9 |
| September           |  9 |
| November            | 10 |
| December            | 11 |
| December            | 11 |
| December            | 11 |
| January             |  1 |
| January             |  1 |
| March               |  3 |
| December            | 11 |
| January             |  1 |
| August              |  8 |
| August              |  8 |
| August              |  8 |
+---------------------+----+
30 rows in set (0.00 sec)

mysql> select monthname(hiredate) ,field(monthname(hiredate),'January','February','March','April','May','June','July','August','September','November','December') R1 from emp order by month(hiredate);
+---------------------+----+
| monthname(hiredate) | R1 |
+---------------------+----+
| January             |  1 |
| January             |  1 |
| January             |  1 |
| February            |  2 |
| February            |  2 |
| February            |  2 |
| February            |  2 |
| March               |  3 |
| April               |  4 |
| May                 |  5 |
| June                |  6 |
| July                |  7 |
| July                |  7 |
| July                |  7 |
| July                |  7 |
| July                |  7 |
| July                |  7 |
| July                |  7 |
| July                |  7 |
| August              |  8 |
| August              |  8 |
| August              |  8 |
| September           |  9 |
| September           |  9 |
| November            | 10 |
| December            | 11 |
| December            | 11 |
| December            | 11 |
| December            | 11 |
| December            | 11 |
+---------------------+----+
30 rows in set (0.00 sec)

mysql> select paymentType, field(paymentType,'PhonePe') R1 from orders;
+--------------+----+
| paymentType  | R1 |
+--------------+----+
| PhonePe      |  1 |
| PhonePe      |  1 |
| PhonePe      |  1 |
| Credit Cards |  0 |
| Wallets      |  0 |
| Debit Cards  |  0 |
| Debit Cards  |  0 |
| Wallets      |  0 |
| Credit Cards |  0 |
| COD          |  0 |
| Credit Cards |  0 |
| EMI Options  |  0 |
| EMI Options  |  0 |
| COD          |  0 |
| EMI Options  |  0 |
| COD          |  0 |
| EMI Options  |  0 |
| Wallets      |  0 |
| Credit Cards |  0 |
| Wallets      |  0 |
| EMI Options  |  0 |
| COD          |  0 |
| Debit Cards  |  0 |
| COD          |  0 |
| Wallets      |  0 |
| Credit Cards |  0 |
| Wallets      |  0 |
| Wallets      |  0 |
| COD          |  0 |
| Debit Cards  |  0 |
| Credit Cards |  0 |
| COD          |  0 |
| Wallets      |  0 |
| Wallets      |  0 |
| COD          |  0 |
| COD          |  0 |
| PhonePe      |  1 |
| EMI Options  |  0 |
| Wallets      |  0 |
| EMI Options  |  0 |
| Wallets      |  0 |
| Wallets      |  0 |
| COD          |  0 |
| GPay         |  0 |
| COD          |  0 |
| Wallets      |  0 |
| EMI Options  |  0 |
| COD          |  0 |
| Paytm        |  0 |
| COD          |  0 |
| EMI Options  |  0 |
| PhonePe      |  1 |
| EMI Options  |  0 |
| EMI Options  |  0 |
| COD          |  0 |
| Wallets      |  0 |
| COD          |  0 |
| PhonePe      |  1 |
| Paytm        |  0 |
| COD          |  0 |
| GPay         |  0 |
+--------------+----+
61 rows in set (0.00 sec)

mysql> select * from orders;
+------+---------+---------------------+------+------+--------+--------------+------------+------------------+
| ONUM | AMT     | ODATE               | CNUM | SNUM | type   | paymentType  | registered | delivery_partner |
+------+---------+---------------------+------+------+--------+--------------+------------+------------------+
| 2322 |   750.1 | 1996-10-03 12:05:00 | NULL | 1004 | Online | PhonePe      |          0 | NULL             |
| 2364 |   750.1 | 1996-10-03 12:07:00 | NULL | 1004 | Online | PhonePe      |          0 | NULL             |
| 2475 |   750.1 | 1996-10-03 12:05:00 | NULL | 1004 | Online | PhonePe      |          0 | NULL             |
| 3001 |   18.69 | 1996-10-03 12:30:00 | 2008 | 1007 | Online | Credit Cards |          1 | NULL             |
| 3002 |  1900.1 | 1996-10-03 12:30:00 | 2007 | 1004 | Online | Wallets      |          1 | NULL             |
| 3003 |  767.19 | 1996-10-03 13:45:00 | 2001 | 1001 | Online | Debit Cards  |          1 | NULL             |
| 3005 | 5160.45 | 1996-10-03 14:00:00 | 2003 | 1002 | Online | Debit Cards  |          1 | NULL             |
| 3006 | 1098.16 | 1996-10-03 13:37:00 | 2008 | 1007 | Online | Wallets      |          1 | NULL             |
| 3007 |   75.75 | 1996-10-04 15:21:00 | 2002 | 1003 | Online | Credit Cards |          1 | NULL             |
| 3008 |    4723 | 1996-10-05 12:07:00 | 2006 | 1001 | Cash   | COD          |          0 | NULL             |
| 3009 | 1713.23 | 1996-10-04 15:21:00 | 2002 | 1003 | Online | Credit Cards |          1 | NULL             |
| 3010 | 1309.95 | 1996-10-06 13:12:00 | 2004 | 1002 | Online | EMI Options  |          1 | NULL             |
| 3011 | 9891.88 | 1996-10-06 13:09:00 | 2006 | 1001 | Online | EMI Options  |          1 | NULL             |
| 3012 | 3455.78 | 1996-10-04 15:21:00 | 2002 | 1003 | Cash   | COD          |          0 | NULL             |
| 3013 | 1245.98 | 1996-10-04 16:32:00 | 2002 | 1003 | Online | EMI Options  |          1 | NULL             |
| 3014 | 3721.53 | 1996-10-05 12:45:00 | 2006 | 1001 | Cash   | COD          |          0 | NULL             |
| 3015 |   734.5 | 1996-10-06 13:16:00 | 2004 | 1002 | Online | EMI Options  |          1 | NULL             |
| 3016 | 1729.67 | 1996-10-06 13:18:00 | 2006 | 1001 | Online | Wallets      |          1 | NULL             |
| 3017 |   18.69 | 1996-10-03 12:30:00 | 2001 | 1007 | Online | Credit Cards |          1 | NULL             |
| 3018 |  767.19 | 1996-10-03 12:05:00 | 2002 | 1001 | Online | Wallets      |          1 | NULL             |
| 3019 |  1900.1 | 1996-10-03 12:05:00 | 2007 | 1004 | Online | EMI Options  |          1 | NULL             |
| 3020 | 5160.45 | 1996-10-03 14:00:00 | 2003 | 1007 | Cash   | COD          |          0 | NULL             |
| 3021 | 1098.16 | 1996-10-03 13:37:00 | 2008 | 1007 | Online | Debit Cards  |          1 | NULL             |
| 3022 | 1713.23 | 1996-10-04 15:21:00 | 2002 | 1003 | Cash   | COD          |          0 | NULL             |
| 3023 |   75.75 | 1996-10-04 16:02:00 | 2002 | 1004 | Online | Wallets      |          1 | NULL             |
| 3024 |    4723 | 1996-10-05 12:07:00 | 2006 | 1002 | Online | Credit Cards |          1 | NULL             |
| 3025 | 1309.95 | 1996-10-06 13:12:00 | 2002 | 1002 | Online | Wallets      |          1 | NULL             |
| 3026 | 9891.88 | 1996-10-06 13:09:00 | 2006 | 1001 | Online | Wallets      |          1 | NULL             |
| 3027 | 3455.78 | 1996-10-04 15:21:00 | 2002 | 1003 | Cash   | COD          |          0 | NULL             |
| 3028 | 1245.98 | 1996-10-04 16:32:00 | 2002 | 1003 | Online | Debit Cards  |          1 | NULL             |
| 3029 | 3721.53 | 1996-10-05 12:45:00 | 2006 | 1001 | Online | Credit Cards |          1 | NULL             |
| 3030 |   734.5 | 1996-10-06 13:16:00 | 2004 | 1002 | Cash   | COD          |          0 | NULL             |
| 3031 | 1729.67 | 1996-10-06 13:07:00 | 2006 | 1007 | Online | Wallets      |          1 | NULL             |
| 3032 | 3434.55 | 1996-01-26 17:09:12 | 2006 | 1007 | Online | Wallets      |          1 | NULL             |
| 3033 |  522.23 | 1996-12-24 14:23:00 | 2002 | 1002 | Cash   | COD          |          0 | NULL             |
| 3049 |  500.58 | 1996-03-14 07:45:19 | 2001 | 1003 | Cash   | COD          |          0 | NULL             |
| 3050 |  1900.1 | 1996-10-03 12:05:00 | NULL | 1004 | Online | PhonePe      |          0 | NULL             |
| 3074 |   457.4 | 1996-04-19 05:13:00 | 2008 | 1007 | Online | EMI Options  |          1 | NULL             |
| 3119 |   125.5 | 1996-07-26 18:37:00 | 2007 | 1001 | Online | Wallets      |          1 | NULL             |
| 4001 |   145.2 | 1996-05-13 20:47:00 | 2008 | 1003 | Online | EMI Options  |          1 | NULL             |
| 4012 |   245.6 | 1996-03-06 13:07:00 | 2001 | 1002 | Online | Wallets      |          1 | NULL             |
| 4021 |  600.65 | 1996-08-12 13:07:00 | 2001 | 1002 | Online | Wallets      |          1 | NULL             |
| 4054 |  1200.8 | 1996-11-22 13:07:00 | 2004 | 1003 | Cash   | COD          |          0 | NULL             |
| 5001 |  325.23 | 1996-11-04 15:21:00 | NULL | 1002 | Online | GPay         |          0 | NULL             |
| 5011 |  138.35 | 1996-09-14 13:07:00 | 2001 | 1007 | Cash   | COD          |          0 | NULL             |
| 5014 |  980.65 | 1996-08-23 13:07:00 | 2002 | 1007 | Online | Wallets      |          1 | NULL             |
| 5015 | 2133.35 | 1996-06-23 13:07:00 | 2004 | 1007 | Online | EMI Options  |          1 | NULL             |
| 5016 | 1000.95 | 1996-03-12 13:07:00 | 2002 | 1007 | Cash   | COD          |          0 | NULL             |
| 5020 |  950.45 | 1996-10-03 14:00:00 | NULL | 1007 | Online | Paytm        |          0 | NULL             |
| 5034 |  120.16 | 1996-11-03 13:37:00 | NULL | 1003 | Cash   | COD          |          0 | NULL             |
| 5053 |  1500.5 | 1996-01-01 13:07:00 | 2006 | 1007 | Online | EMI Options  |          1 | NULL             |
| 5056 |   750.1 | 1996-10-03 12:05:00 | NULL | 1007 | Online | PhonePe      |          0 | NULL             |
| 5099 |  790.75 | 1996-04-24 13:07:00 | 2002 | 1007 | Online | EMI Options  |          1 | NULL             |
| 6501 |  125.45 | 1996-06-13 13:07:00 | 2001 | 1001 | Online | EMI Options  |          1 | NULL             |
| 6502 |  535.25 | 1996-08-24 13:07:00 | 2006 | 1004 | Cash   | COD          |          0 | NULL             |
| 6503 | 1100.25 | 1996-07-26 13:07:00 | 2006 | 1007 | Online | Wallets      |          1 | NULL             |
| 6504 | 1350.75 | 1996-07-21 13:07:00 | 2008 | 1007 | Cash   | COD          |          0 | NULL             |
| 6605 |  1900.1 | 1996-10-03 12:05:00 | NULL | 1004 | Online | PhonePe      |          0 | NULL             |
| 6606 | 5160.45 | 1996-10-03 14:00:00 | NULL | 1002 | Online | Paytm        |          0 | NULL             |
| 6607 | 1098.16 | 1996-11-03 13:37:00 | NULL | 1007 | Cash   | COD          |          0 | NULL             |
| 6608 | 1713.23 | 1996-11-04 15:21:00 | NULL | 1003 | Online | GPay         |          0 | NULL             |
+------+---------+---------------------+------+------+--------+--------------+------------+------------------+
61 rows in set (0.00 sec)

mysql> select * from orders where paymenttype='gpay';
+------+---------+---------------------+------+------+--------+-------------+------------+------------------+
| ONUM | AMT     | ODATE               | CNUM | SNUM | type   | paymentType | registered | delivery_partner |
+------+---------+---------------------+------+------+--------+-------------+------------+------------------+
| 5001 |  325.23 | 1996-11-04 15:21:00 | NULL | 1002 | Online | GPay        |          0 | NULL             |
| 6608 | 1713.23 | 1996-11-04 15:21:00 | NULL | 1003 | Online | GPay        |          0 | NULL             |
+------+---------+---------------------+------+------+--------+-------------+------------+------------------+
2 rows in set (0.00 sec)

mysql> select * from orders where paymenttype='cod';
+------+---------+---------------------+------+------+------+-------------+------------+------------------+
| ONUM | AMT     | ODATE               | CNUM | SNUM | type | paymentType | registered | delivery_partner |
+------+---------+---------------------+------+------+------+-------------+------------+------------------+
| 3008 |    4723 | 1996-10-05 12:07:00 | 2006 | 1001 | Cash | COD         |          0 | NULL             |
| 3012 | 3455.78 | 1996-10-04 15:21:00 | 2002 | 1003 | Cash | COD         |          0 | NULL             |
| 3014 | 3721.53 | 1996-10-05 12:45:00 | 2006 | 1001 | Cash | COD         |          0 | NULL             |
| 3020 | 5160.45 | 1996-10-03 14:00:00 | 2003 | 1007 | Cash | COD         |          0 | NULL             |
| 3022 | 1713.23 | 1996-10-04 15:21:00 | 2002 | 1003 | Cash | COD         |          0 | NULL             |
| 3027 | 3455.78 | 1996-10-04 15:21:00 | 2002 | 1003 | Cash | COD         |          0 | NULL             |
| 3030 |   734.5 | 1996-10-06 13:16:00 | 2004 | 1002 | Cash | COD         |          0 | NULL             |
| 3033 |  522.23 | 1996-12-24 14:23:00 | 2002 | 1002 | Cash | COD         |          0 | NULL             |
| 3049 |  500.58 | 1996-03-14 07:45:19 | 2001 | 1003 | Cash | COD         |          0 | NULL             |
| 4054 |  1200.8 | 1996-11-22 13:07:00 | 2004 | 1003 | Cash | COD         |          0 | NULL             |
| 5011 |  138.35 | 1996-09-14 13:07:00 | 2001 | 1007 | Cash | COD         |          0 | NULL             |
| 5016 | 1000.95 | 1996-03-12 13:07:00 | 2002 | 1007 | Cash | COD         |          0 | NULL             |
| 5034 |  120.16 | 1996-11-03 13:37:00 | NULL | 1003 | Cash | COD         |          0 | NULL             |
| 6502 |  535.25 | 1996-08-24 13:07:00 | 2006 | 1004 | Cash | COD         |          0 | NULL             |
| 6504 | 1350.75 | 1996-07-21 13:07:00 | 2008 | 1007 | Cash | COD         |          0 | NULL             |
| 6607 | 1098.16 | 1996-11-03 13:37:00 | NULL | 1007 | Cash | COD         |          0 | NULL             |
+------+---------+---------------------+------+------+------+-------------+------------+------------------+
16 rows in set (0.00 sec)

mysql> select * from orders where paymenttype='cod' and amt > 2000;
+------+---------+---------------------+------+------+------+-------------+------------+------------------+
| ONUM | AMT     | ODATE               | CNUM | SNUM | type | paymentType | registered | delivery_partner |
+------+---------+---------------------+------+------+------+-------------+------------+------------------+
| 3008 |    4723 | 1996-10-05 12:07:00 | 2006 | 1001 | Cash | COD         |          0 | NULL             |
| 3012 | 3455.78 | 1996-10-04 15:21:00 | 2002 | 1003 | Cash | COD         |          0 | NULL             |
| 3014 | 3721.53 | 1996-10-05 12:45:00 | 2006 | 1001 | Cash | COD         |          0 | NULL             |
| 3020 | 5160.45 | 1996-10-03 14:00:00 | 2003 | 1007 | Cash | COD         |          0 | NULL             |
| 3027 | 3455.78 | 1996-10-04 15:21:00 | 2002 | 1003 | Cash | COD         |          0 | NULL             |
+------+---------+---------------------+------+------+------+-------------+------------+------------------+
5 rows in set (0.00 sec)

mysql> select * from orders where paymenttype='cod' or paymenttype='cod' and amt > 2000;
+------+---------+---------------------+------+------+------+-------------+------------+------------------+
| ONUM | AMT     | ODATE               | CNUM | SNUM | type | paymentType | registered | delivery_partner |
+------+---------+---------------------+------+------+------+-------------+------------+------------------+
| 3008 |    4723 | 1996-10-05 12:07:00 | 2006 | 1001 | Cash | COD         |          0 | NULL             |
| 3012 | 3455.78 | 1996-10-04 15:21:00 | 2002 | 1003 | Cash | COD         |          0 | NULL             |
| 3014 | 3721.53 | 1996-10-05 12:45:00 | 2006 | 1001 | Cash | COD         |          0 | NULL             |
| 3020 | 5160.45 | 1996-10-03 14:00:00 | 2003 | 1007 | Cash | COD         |          0 | NULL             |
| 3022 | 1713.23 | 1996-10-04 15:21:00 | 2002 | 1003 | Cash | COD         |          0 | NULL             |
| 3027 | 3455.78 | 1996-10-04 15:21:00 | 2002 | 1003 | Cash | COD         |          0 | NULL             |
| 3030 |   734.5 | 1996-10-06 13:16:00 | 2004 | 1002 | Cash | COD         |          0 | NULL             |
| 3033 |  522.23 | 1996-12-24 14:23:00 | 2002 | 1002 | Cash | COD         |          0 | NULL             |
| 3049 |  500.58 | 1996-03-14 07:45:19 | 2001 | 1003 | Cash | COD         |          0 | NULL             |
| 4054 |  1200.8 | 1996-11-22 13:07:00 | 2004 | 1003 | Cash | COD         |          0 | NULL             |
| 5011 |  138.35 | 1996-09-14 13:07:00 | 2001 | 1007 | Cash | COD         |          0 | NULL             |
| 5016 | 1000.95 | 1996-03-12 13:07:00 | 2002 | 1007 | Cash | COD         |          0 | NULL             |
| 5034 |  120.16 | 1996-11-03 13:37:00 | NULL | 1003 | Cash | COD         |          0 | NULL             |
| 6502 |  535.25 | 1996-08-24 13:07:00 | 2006 | 1004 | Cash | COD         |          0 | NULL             |
| 6504 | 1350.75 | 1996-07-21 13:07:00 | 2008 | 1007 | Cash | COD         |          0 | NULL             |
| 6607 | 1098.16 | 1996-11-03 13:37:00 | NULL | 1007 | Cash | COD         |          0 | NULL             |
+------+---------+---------------------+------+------+------+-------------+------------+------------------+
16 rows in set (0.00 sec)

mysql> select * from orders where paymenttype='cod' or paymenttype='gpay';
+------+---------+---------------------+------+------+--------+-------------+------------+------------------+
| ONUM | AMT     | ODATE               | CNUM | SNUM | type   | paymentType | registered | delivery_partner |
+------+---------+---------------------+------+------+--------+-------------+------------+------------------+
| 3008 |    4723 | 1996-10-05 12:07:00 | 2006 | 1001 | Cash   | COD         |          0 | NULL             |
| 3012 | 3455.78 | 1996-10-04 15:21:00 | 2002 | 1003 | Cash   | COD         |          0 | NULL             |
| 3014 | 3721.53 | 1996-10-05 12:45:00 | 2006 | 1001 | Cash   | COD         |          0 | NULL             |
| 3020 | 5160.45 | 1996-10-03 14:00:00 | 2003 | 1007 | Cash   | COD         |          0 | NULL             |
| 3022 | 1713.23 | 1996-10-04 15:21:00 | 2002 | 1003 | Cash   | COD         |          0 | NULL             |
| 3027 | 3455.78 | 1996-10-04 15:21:00 | 2002 | 1003 | Cash   | COD         |          0 | NULL             |
| 3030 |   734.5 | 1996-10-06 13:16:00 | 2004 | 1002 | Cash   | COD         |          0 | NULL             |
| 3033 |  522.23 | 1996-12-24 14:23:00 | 2002 | 1002 | Cash   | COD         |          0 | NULL             |
| 3049 |  500.58 | 1996-03-14 07:45:19 | 2001 | 1003 | Cash   | COD         |          0 | NULL             |
| 4054 |  1200.8 | 1996-11-22 13:07:00 | 2004 | 1003 | Cash   | COD         |          0 | NULL             |
| 5001 |  325.23 | 1996-11-04 15:21:00 | NULL | 1002 | Online | GPay        |          0 | NULL             |
| 5011 |  138.35 | 1996-09-14 13:07:00 | 2001 | 1007 | Cash   | COD         |          0 | NULL             |
| 5016 | 1000.95 | 1996-03-12 13:07:00 | 2002 | 1007 | Cash   | COD         |          0 | NULL             |
| 5034 |  120.16 | 1996-11-03 13:37:00 | NULL | 1003 | Cash   | COD         |          0 | NULL             |
| 6502 |  535.25 | 1996-08-24 13:07:00 | 2006 | 1004 | Cash   | COD         |          0 | NULL             |
| 6504 | 1350.75 | 1996-07-21 13:07:00 | 2008 | 1007 | Cash   | COD         |          0 | NULL             |
| 6607 | 1098.16 | 1996-11-03 13:37:00 | NULL | 1007 | Cash   | COD         |          0 | NULL             |
| 6608 | 1713.23 | 1996-11-04 15:21:00 | NULL | 1003 | Online | GPay        |          0 | NULL             |
+------+---------+---------------------+------+------+--------+-------------+------------+------------------+
18 rows in set (0.00 sec)

mysql> select * from orders where paymenttype='cod' or paymenttype='gpay' and amt > 5000;
+------+---------+---------------------+------+------+------+-------------+------------+------------------+
| ONUM | AMT     | ODATE               | CNUM | SNUM | type | paymentType | registered | delivery_partner |
+------+---------+---------------------+------+------+------+-------------+------------+------------------+
| 3008 |    4723 | 1996-10-05 12:07:00 | 2006 | 1001 | Cash | COD         |          0 | NULL             |
| 3012 | 3455.78 | 1996-10-04 15:21:00 | 2002 | 1003 | Cash | COD         |          0 | NULL             |
| 3014 | 3721.53 | 1996-10-05 12:45:00 | 2006 | 1001 | Cash | COD         |          0 | NULL             |
| 3020 | 5160.45 | 1996-10-03 14:00:00 | 2003 | 1007 | Cash | COD         |          0 | NULL             |
| 3022 | 1713.23 | 1996-10-04 15:21:00 | 2002 | 1003 | Cash | COD         |          0 | NULL             |
| 3027 | 3455.78 | 1996-10-04 15:21:00 | 2002 | 1003 | Cash | COD         |          0 | NULL             |
| 3030 |   734.5 | 1996-10-06 13:16:00 | 2004 | 1002 | Cash | COD         |          0 | NULL             |
| 3033 |  522.23 | 1996-12-24 14:23:00 | 2002 | 1002 | Cash | COD         |          0 | NULL             |
| 3049 |  500.58 | 1996-03-14 07:45:19 | 2001 | 1003 | Cash | COD         |          0 | NULL             |
| 4054 |  1200.8 | 1996-11-22 13:07:00 | 2004 | 1003 | Cash | COD         |          0 | NULL             |
| 5011 |  138.35 | 1996-09-14 13:07:00 | 2001 | 1007 | Cash | COD         |          0 | NULL             |
| 5016 | 1000.95 | 1996-03-12 13:07:00 | 2002 | 1007 | Cash | COD         |          0 | NULL             |
| 5034 |  120.16 | 1996-11-03 13:37:00 | NULL | 1003 | Cash | COD         |          0 | NULL             |
| 6502 |  535.25 | 1996-08-24 13:07:00 | 2006 | 1004 | Cash | COD         |          0 | NULL             |
| 6504 | 1350.75 | 1996-07-21 13:07:00 | 2008 | 1007 | Cash | COD         |          0 | NULL             |
| 6607 | 1098.16 | 1996-11-03 13:37:00 | NULL | 1007 | Cash | COD         |          0 | NULL             |
+------+---------+---------------------+------+------+------+-------------+------------+------------------+
16 rows in set (0.00 sec)

mysql> select * from orders where (paymenttype='cod') or (paymenttype='gpay') and amt > 5000;
+------+---------+---------------------+------+------+------+-------------+------------+------------------+
| ONUM | AMT     | ODATE               | CNUM | SNUM | type | paymentType | registered | delivery_partner |
+------+---------+---------------------+------+------+------+-------------+------------+------------------+
| 3008 |    4723 | 1996-10-05 12:07:00 | 2006 | 1001 | Cash | COD         |          0 | NULL             |
| 3012 | 3455.78 | 1996-10-04 15:21:00 | 2002 | 1003 | Cash | COD         |          0 | NULL             |
| 3014 | 3721.53 | 1996-10-05 12:45:00 | 2006 | 1001 | Cash | COD         |          0 | NULL             |
| 3020 | 5160.45 | 1996-10-03 14:00:00 | 2003 | 1007 | Cash | COD         |          0 | NULL             |
| 3022 | 1713.23 | 1996-10-04 15:21:00 | 2002 | 1003 | Cash | COD         |          0 | NULL             |
| 3027 | 3455.78 | 1996-10-04 15:21:00 | 2002 | 1003 | Cash | COD         |          0 | NULL             |
| 3030 |   734.5 | 1996-10-06 13:16:00 | 2004 | 1002 | Cash | COD         |          0 | NULL             |
| 3033 |  522.23 | 1996-12-24 14:23:00 | 2002 | 1002 | Cash | COD         |          0 | NULL             |
| 3049 |  500.58 | 1996-03-14 07:45:19 | 2001 | 1003 | Cash | COD         |          0 | NULL             |
| 4054 |  1200.8 | 1996-11-22 13:07:00 | 2004 | 1003 | Cash | COD         |          0 | NULL             |
| 5011 |  138.35 | 1996-09-14 13:07:00 | 2001 | 1007 | Cash | COD         |          0 | NULL             |
| 5016 | 1000.95 | 1996-03-12 13:07:00 | 2002 | 1007 | Cash | COD         |          0 | NULL             |
| 5034 |  120.16 | 1996-11-03 13:37:00 | NULL | 1003 | Cash | COD         |          0 | NULL             |
| 6502 |  535.25 | 1996-08-24 13:07:00 | 2006 | 1004 | Cash | COD         |          0 | NULL             |
| 6504 | 1350.75 | 1996-07-21 13:07:00 | 2008 | 1007 | Cash | COD         |          0 | NULL             |
| 6607 | 1098.16 | 1996-11-03 13:37:00 | NULL | 1007 | Cash | COD         |          0 | NULL             |
+------+---------+---------------------+------+------+------+-------------+------------+------------------+
16 rows in set (0.00 sec)

mysql> select * from orders where paymenttype='cod' or paymenttype='gpay';
+------+---------+---------------------+------+------+--------+-------------+------------+------------------+
| ONUM | AMT     | ODATE               | CNUM | SNUM | type   | paymentType | registered | delivery_partner |
+------+---------+---------------------+------+------+--------+-------------+------------+------------------+
| 3008 |    4723 | 1996-10-05 12:07:00 | 2006 | 1001 | Cash   | COD         |          0 | NULL             |
| 3012 | 3455.78 | 1996-10-04 15:21:00 | 2002 | 1003 | Cash   | COD         |          0 | NULL             |
| 3014 | 3721.53 | 1996-10-05 12:45:00 | 2006 | 1001 | Cash   | COD         |          0 | NULL             |
| 3020 | 5160.45 | 1996-10-03 14:00:00 | 2003 | 1007 | Cash   | COD         |          0 | NULL             |
| 3022 | 1713.23 | 1996-10-04 15:21:00 | 2002 | 1003 | Cash   | COD         |          0 | NULL             |
| 3027 | 3455.78 | 1996-10-04 15:21:00 | 2002 | 1003 | Cash   | COD         |          0 | NULL             |
| 3030 |   734.5 | 1996-10-06 13:16:00 | 2004 | 1002 | Cash   | COD         |          0 | NULL             |
| 3033 |  522.23 | 1996-12-24 14:23:00 | 2002 | 1002 | Cash   | COD         |          0 | NULL             |
| 3049 |  500.58 | 1996-03-14 07:45:19 | 2001 | 1003 | Cash   | COD         |          0 | NULL             |
| 4054 |  1200.8 | 1996-11-22 13:07:00 | 2004 | 1003 | Cash   | COD         |          0 | NULL             |
| 5001 |  325.23 | 1996-11-04 15:21:00 | NULL | 1002 | Online | GPay        |          0 | NULL             |
| 5011 |  138.35 | 1996-09-14 13:07:00 | 2001 | 1007 | Cash   | COD         |          0 | NULL             |
| 5016 | 1000.95 | 1996-03-12 13:07:00 | 2002 | 1007 | Cash   | COD         |          0 | NULL             |
| 5034 |  120.16 | 1996-11-03 13:37:00 | NULL | 1003 | Cash   | COD         |          0 | NULL             |
| 6502 |  535.25 | 1996-08-24 13:07:00 | 2006 | 1004 | Cash   | COD         |          0 | NULL             |
| 6504 | 1350.75 | 1996-07-21 13:07:00 | 2008 | 1007 | Cash   | COD         |          0 | NULL             |
| 6607 | 1098.16 | 1996-11-03 13:37:00 | NULL | 1007 | Cash   | COD         |          0 | NULL             |
| 6608 | 1713.23 | 1996-11-04 15:21:00 | NULL | 1003 | Online | GPay        |          0 | NULL             |
+------+---------+---------------------+------+------+--------+-------------+------------+------------------+
18 rows in set (0.00 sec)

mysql> select * from orders where paymentType = 'COD'  OR paymentType = 'GPay' order by amt;
+------+---------+---------------------+------+------+--------+-------------+------------+------------------+
| ONUM | AMT     | ODATE               | CNUM | SNUM | type   | paymentType | registered | delivery_partner |
+------+---------+---------------------+------+------+--------+-------------+------------+------------------+
| 5034 |  120.16 | 1996-11-03 13:37:00 | NULL | 1003 | Cash   | COD         |          0 | NULL             |
| 5011 |  138.35 | 1996-09-14 13:07:00 | 2001 | 1007 | Cash   | COD         |          0 | NULL             |
| 5001 |  325.23 | 1996-11-04 15:21:00 | NULL | 1002 | Online | GPay        |          0 | NULL             |
| 3049 |  500.58 | 1996-03-14 07:45:19 | 2001 | 1003 | Cash   | COD         |          0 | NULL             |
| 3033 |  522.23 | 1996-12-24 14:23:00 | 2002 | 1002 | Cash   | COD         |          0 | NULL             |
| 6502 |  535.25 | 1996-08-24 13:07:00 | 2006 | 1004 | Cash   | COD         |          0 | NULL             |
| 3030 |   734.5 | 1996-10-06 13:16:00 | 2004 | 1002 | Cash   | COD         |          0 | NULL             |
| 5016 | 1000.95 | 1996-03-12 13:07:00 | 2002 | 1007 | Cash   | COD         |          0 | NULL             |
| 6607 | 1098.16 | 1996-11-03 13:37:00 | NULL | 1007 | Cash   | COD         |          0 | NULL             |
| 4054 |  1200.8 | 1996-11-22 13:07:00 | 2004 | 1003 | Cash   | COD         |          0 | NULL             |
| 6504 | 1350.75 | 1996-07-21 13:07:00 | 2008 | 1007 | Cash   | COD         |          0 | NULL             |
| 3022 | 1713.23 | 1996-10-04 15:21:00 | 2002 | 1003 | Cash   | COD         |          0 | NULL             |
| 6608 | 1713.23 | 1996-11-04 15:21:00 | NULL | 1003 | Online | GPay        |          0 | NULL             |
| 3012 | 3455.78 | 1996-10-04 15:21:00 | 2002 | 1003 | Cash   | COD         |          0 | NULL             |
| 3027 | 3455.78 | 1996-10-04 15:21:00 | 2002 | 1003 | Cash   | COD         |          0 | NULL             |
| 3014 | 3721.53 | 1996-10-05 12:45:00 | 2006 | 1001 | Cash   | COD         |          0 | NULL             |
| 3008 |    4723 | 1996-10-05 12:07:00 | 2006 | 1001 | Cash   | COD         |          0 | NULL             |
| 3020 | 5160.45 | 1996-10-03 14:00:00 | 2003 | 1007 | Cash   | COD         |          0 | NULL             |
+------+---------+---------------------+------+------+--------+-------------+------------+------------------+
18 rows in set (0.00 sec)

mysql> select * from orders where paymentType = 'COD'  OR paymentType = 'GPay' order by amt > 2000;
+------+---------+---------------------+------+------+--------+-------------+------------+------------------+
| ONUM | AMT     | ODATE               | CNUM | SNUM | type   | paymentType | registered | delivery_partner |
+------+---------+---------------------+------+------+--------+-------------+------------+------------------+
| 3022 | 1713.23 | 1996-10-04 15:21:00 | 2002 | 1003 | Cash   | COD         |          0 | NULL             |
| 3030 |   734.5 | 1996-10-06 13:16:00 | 2004 | 1002 | Cash   | COD         |          0 | NULL             |
| 3033 |  522.23 | 1996-12-24 14:23:00 | 2002 | 1002 | Cash   | COD         |          0 | NULL             |
| 3049 |  500.58 | 1996-03-14 07:45:19 | 2001 | 1003 | Cash   | COD         |          0 | NULL             |
| 4054 |  1200.8 | 1996-11-22 13:07:00 | 2004 | 1003 | Cash   | COD         |          0 | NULL             |
| 5001 |  325.23 | 1996-11-04 15:21:00 | NULL | 1002 | Online | GPay        |          0 | NULL             |
| 5011 |  138.35 | 1996-09-14 13:07:00 | 2001 | 1007 | Cash   | COD         |          0 | NULL             |
| 5016 | 1000.95 | 1996-03-12 13:07:00 | 2002 | 1007 | Cash   | COD         |          0 | NULL             |
| 5034 |  120.16 | 1996-11-03 13:37:00 | NULL | 1003 | Cash   | COD         |          0 | NULL             |
| 6502 |  535.25 | 1996-08-24 13:07:00 | 2006 | 1004 | Cash   | COD         |          0 | NULL             |
| 6504 | 1350.75 | 1996-07-21 13:07:00 | 2008 | 1007 | Cash   | COD         |          0 | NULL             |
| 6607 | 1098.16 | 1996-11-03 13:37:00 | NULL | 1007 | Cash   | COD         |          0 | NULL             |
| 6608 | 1713.23 | 1996-11-04 15:21:00 | NULL | 1003 | Online | GPay        |          0 | NULL             |
| 3008 |    4723 | 1996-10-05 12:07:00 | 2006 | 1001 | Cash   | COD         |          0 | NULL             |
| 3012 | 3455.78 | 1996-10-04 15:21:00 | 2002 | 1003 | Cash   | COD         |          0 | NULL             |
| 3014 | 3721.53 | 1996-10-05 12:45:00 | 2006 | 1001 | Cash   | COD         |          0 | NULL             |
| 3020 | 5160.45 | 1996-10-03 14:00:00 | 2003 | 1007 | Cash   | COD         |          0 | NULL             |
| 3027 | 3455.78 | 1996-10-04 15:21:00 | 2002 | 1003 | Cash   | COD         |          0 | NULL             |
+------+---------+---------------------+------+------+--------+-------------+------------+------------------+
18 rows in set (0.00 sec)

mysql> select * from orders where (paymentType = 'COD'  OR paymentType = 'GPay') and amt > 2000;
+------+---------+---------------------+------+------+------+-------------+------------+------------------+
| ONUM | AMT     | ODATE               | CNUM | SNUM | type | paymentType | registered | delivery_partner |
+------+---------+---------------------+------+------+------+-------------+------------+------------------+
| 3008 |    4723 | 1996-10-05 12:07:00 | 2006 | 1001 | Cash | COD         |          0 | NULL             |
| 3012 | 3455.78 | 1996-10-04 15:21:00 | 2002 | 1003 | Cash | COD         |          0 | NULL             |
| 3014 | 3721.53 | 1996-10-05 12:45:00 | 2006 | 1001 | Cash | COD         |          0 | NULL             |
| 3020 | 5160.45 | 1996-10-03 14:00:00 | 2003 | 1007 | Cash | COD         |          0 | NULL             |
| 3027 | 3455.78 | 1996-10-04 15:21:00 | 2002 | 1003 | Cash | COD         |          0 | NULL             |
+------+---------+---------------------+------+------+------+-------------+------------+------------------+
5 rows in set (0.00 sec)

mysql> select * from tasks;
+----+--------+-----------+
| id | title  | completed |
+----+--------+-----------+
|  1 | Task-1 |         1 |
|  2 | Task0  |         0 |
|  3 | Task1  |         0 |
|  4 | Task2  |         1 |
|  5 | Task3  |         0 |
|  6 | Task4  |         1 |
|  7 | Task5  |      NULL |
|  8 | Task6  |      NULL |
|  9 | Task7  |         0 |
| 10 | Task8  |         1 |
| 11 | Task9  |        12 |
| 12 | Task10 |        58 |
| 13 | Task11 |         1 |
| 14 | Task12 |         0 |
| 15 | Task13 |         1 |
| 16 | Task14 |      NULL |
+----+--------+-----------+
16 rows in set (0.05 sec)

mysql> select * from tasks where completed;
+----+--------+-----------+
| id | title  | completed |
+----+--------+-----------+
|  1 | Task-1 |         1 |
|  4 | Task2  |         1 |
|  6 | Task4  |         1 |
| 10 | Task8  |         1 |
| 11 | Task9  |        12 |
| 12 | Task10 |        58 |
| 13 | Task11 |         1 |
| 15 | Task13 |         1 |
+----+--------+-----------+
8 rows in set (0.00 sec)

mysql> select * from tasks where completed=true ;
+----+--------+-----------+
| id | title  | completed |
+----+--------+-----------+
|  1 | Task-1 |         1 |
|  4 | Task2  |         1 |
|  6 | Task4  |         1 |
| 10 | Task8  |         1 |
| 13 | Task11 |         1 |
| 15 | Task13 |         1 |
+----+--------+-----------+
6 rows in set (0.00 sec)

mysql> select * from tasks where completed=0 ;
+----+--------+-----------+
| id | title  | completed |
+----+--------+-----------+
|  2 | Task0  |         0 |
|  3 | Task1  |         0 |
|  5 | Task3  |         0 |
|  9 | Task7  |         0 |
| 14 | Task12 |         0 |
+----+--------+-----------+
5 rows in set (0.00 sec)

mysql> select * from tasks where completed=1 ;
+----+--------+-----------+
| id | title  | completed |
+----+--------+-----------+
|  1 | Task-1 |         1 |
|  4 | Task2  |         1 |
|  6 | Task4  |         1 |
| 10 | Task8  |         1 |
| 13 | Task11 |         1 |
| 15 | Task13 |         1 |
+----+--------+-----------+
6 rows in set (0.00 sec)

mysql> select ename from emp where ename = true;
Empty set, 30 warnings (0.00 sec)

mysql> show warnings;
+---------+------+----------------------------------------------+
| Level   | Code | Message                                      |
+---------+------+----------------------------------------------+
| Warning | 1292 | Truncated incorrect DOUBLE value: 'GITA'     |
| Warning | 1292 | Truncated incorrect DOUBLE value: 'VRUSHALI' |
| Warning | 1292 | Truncated incorrect DOUBLE value: 'SHARMIN'  |
| Warning | 1292 | Truncated incorrect DOUBLE value: 'BANDISH'  |
| Warning | 1292 | Truncated incorrect DOUBLE value: 'SMITH'    |
| Warning | 1292 | Truncated incorrect DOUBLE value: 'AARAV'    |
| Warning | 1292 | Truncated incorrect DOUBLE value: 'THOMAS'   |
| Warning | 1292 | Truncated incorrect DOUBLE value: 'ALLEN'    |
| Warning | 1292 | Truncated incorrect DOUBLE value: 'WARD'     |
| Warning | 1292 | Truncated incorrect DOUBLE value: 'JONES'    |
| Warning | 1292 | Truncated incorrect DOUBLE value: 'MARTIN'   |
| Warning | 1292 | Truncated incorrect DOUBLE value: 'BLAKE'    |
| Warning | 1292 | Truncated incorrect DOUBLE value: 'CLARK'    |
| Warning | 1292 | Truncated incorrect DOUBLE value: 'SCOTT'    |
| Warning | 1292 | Truncated incorrect DOUBLE value: 'KING'     |
| Warning | 1292 | Truncated incorrect DOUBLE value: 'FRED'     |
| Warning | 1292 | Truncated incorrect DOUBLE value: 'TURNER'   |
| Warning | 1292 | Truncated incorrect DOUBLE value: 'ADAMS'    |
| Warning | 1292 | Truncated incorrect DOUBLE value: 'Ruhan'    |
| Warning | 1292 | Truncated incorrect DOUBLE value: 'Neel'     |
| Warning | 1292 | Truncated incorrect DOUBLE value: 'JAMES'    |
| Warning | 1292 | Truncated incorrect DOUBLE value: 'FORD'     |
| Warning | 1292 | Truncated incorrect DOUBLE value: 'HOFFMAN'  |
| Warning | 1292 | Truncated incorrect DOUBLE value: 'GRASS'    |
| Warning | 1292 | Truncated incorrect DOUBLE value: 'MILLER'   |
| Warning | 1292 | Truncated incorrect DOUBLE value: 'AARUSH'   |
| Warning | 1292 | Truncated incorrect DOUBLE value: 'ALEX'     |
| Warning | 1292 | Truncated incorrect DOUBLE value: 'NATASHA'  |
| Warning | 1292 | Truncated incorrect DOUBLE value: 'SANGITA'  |
| Warning | 1292 | Truncated incorrect DOUBLE value: 'SUPRIYA'  |
+---------+------+----------------------------------------------+
30 rows in set (0.00 sec)

mysql> select * from emp order by if(job='manager',3,if(job='salesman',2,null));
+-------+----------+--------+---------------------+------+------------+------+------+--------+---------+--------------+------------+------------+----------+
| EMPNO | ENAME    | GENDER | JOB                 | MGR  | HIREDATE   | SAL  | COMM | DEPTNO | BONUSID | USER NAME    | PWD        | PHONE      | isActive |
+-------+----------+--------+---------------------+------+------------+------+------+--------+---------+--------------+------------+------------+----------+
|  6001 | GITA     | F      | Compliance officers | 7920 | 1981-07-19 | 1750 | NULL |     30 |       1 | GITA         | sales@2017 | NULL       |        1 |
|  6129 | VRUSHALI | F      | Compliance officers | 7920 | 1981-07-19 | 1750 | NULL |     50 |       1 | VRUSHALI     | PUN@8877   | NULL       |        1 |
|  6473 | SHARMIN  | F      | Public Relation     | 7920 | 1981-07-19 | 1750 | NULL |     20 |       1 | SHARMIN      | a12recmpm  | NULL       |        1 |
|  6781 | BANDISH  | F      | Public Relation     | 7920 | 1981-07-19 | 1750 | NULL |     20 |       1 | BANDISH      | a12recmpm  | NULL       |        1 |
|  7369 | SMITH    | M      | CLERK               | 7902 | 1980-12-17 |  800 | NULL |     20 |       2 | TRITONE      | a12recmpm  | 7032300023 |        0 |
|  7415 | AARAV    | M      | CLERK               | 7902 | 1981-12-31 | 3350 | NULL |     10 |    NULL | AARAV        | NULL       | 7032300084 |        0 |
|  7421 | THOMAS   | M      | CLERK               | 7920 | 1981-07-19 | 1750 | NULL |     10 |       1 | THOMAS       | r50mpm     | 7032300011 |        0 |
|  7788 | SCOTT    | M      | ANALYST             | 7566 | 1982-12-09 | 3000 | NULL |     20 |       3 | WHITE SAND   | a12recmpm  | NULL       |        1 |
|  7839 | KING     | M      | PRESIDENT           | NULL | 1981-11-17 | 5000 | NULL |     10 |       1 | KING         | r50mpm     | 7132300081 |        1 |
|  7840 | FRED     | M      | vice PRESIDENT      | 7839 | 1983-08-09 | 5000 | NULL |     20 |       1 | SAND STONE   | a12recmpm  | NULL       |        1 |
|  7876 | ADAMS    | M      | CLERK               | 7788 | 1983-01-12 | 1100 | NULL |     20 |       1 | CRAZY ANYONE | a12recmpm  | 7132300086 |        1 |
|  7888 | Ruhan    | M      | Network             | 7888 | 1983-08-09 | 2000 | NULL |     60 |       1 | Ruhan        | BRD@1122   | NULL       |        1 |
|  7889 | Neel     | M      | vice PRESIDENT      | 7839 | 1983-08-09 | 1000 | NULL |     60 |       0 | Neel         | BRD@1122   | NULL       |        1 |
|  7900 | JAMES    | M      | CLERK               | 7698 | 1981-12-03 |  950 | NULL |     30 |       2 | CRAZY LEADER | sales@2017 | 7132300042 |        1 |
|  7902 | FORD     | M      | ANALYST             | 7566 | 1981-12-03 | 3000 | NULL |     20 |       4 | CONBRIO      | a12recmpm  | NULL       |        0 |
|  7934 | MILLER   | M      | CLERK               | 7782 | 1982-01-23 | 1300 | 1300 |     10 |       2 | QUARTERNOTE  | r50mpm     | 7132300055 |        0 |
|  8433 | NATASHA  | F      | CLERK               | 7920 | 1981-07-19 | 1750 | NULL |     30 |       1 | NATASHA      | sales@2017 | NULL       |        1 |
|  9400 | SANGITA  | F      | Compliance officers | 7920 | 1981-07-19 | 1750 | NULL |     50 |       1 | SANGITA      | NULL       | NULL       |        1 |
|  9473 | SUPRIYA  | F      | ANALYST             | 7920 | 1981-07-19 | 1750 | NULL |     50 |       1 | SUPRIYA      | XYZ@1234   | NULL       |        1 |
|  7499 | ALLEN    | M      | SALESMAN            | 7698 | 1981-02-20 | 1600 |  300 |     30 |       4 | ALWAYS TESTE | sales@2017 | 7032300096 |        1 |
|  7521 | WARD     | M      | SALESMAN            | 7698 | 1981-02-22 | 1250 |  500 |     30 |       1 | WARD         | sales@2017 | 7132300034 |        1 |
|  7654 | MARTIN   | M      | SALESMAN            | 7698 | 1981-09-28 | 1250 | 1400 |     30 |       6 | LIFE RACER   | sales@2017 | 7132300050 |        1 |
|  7844 | TURNER   | M      | SALESMAN            | 7698 | 1981-09-08 | 1500 |    0 |     30 |       5 | SAND DUST    | sales@2017 | NULL       |        1 |
|  7920 | GRASS    | M      | SALESMAN            | 7919 | 1980-02-14 | 2575 | 2700 |     30 |       5 | GRASS        | sales@2017 | NULL       |        1 |
|  7945 | AARUSH   | M      | SALESMAN            | 7902 | 1980-02-14 | 1350 | 2700 |     30 |    NULL | AARUSH       | ABCDEF     | NULL       |        0 |
|  7566 | JONES    | M      | MANAGER             | 7839 | 1981-04-02 | 2975 | NULL |     20 |       4 | HONEYCOMB    | a12recmpm  | 7132300039 |        1 |
|  7698 | BLAKE    | M      | MANAGER             | 7839 | 1981-05-01 | 2850 | NULL |     30 |       1 | BIG BEN      | sales@2017 | 7132300027 |        1 |
|  7782 | CLARK    | M      | MANAGER             | 7839 | 1981-06-09 | 2450 | NULL |     10 |       3 | CLARK        | r50mpm     | 7032300001 |        1 |
|  7919 | HOFFMAN  | M      | MANAGER             | 7566 | 1982-03-24 | 4150 | NULL |     30 |       3 | INTERVAL     | sales@2017 | NULL       |        1 |
|  7949 | ALEX     | M      | MANAGER             | 7698 | 1982-01-24 | 1250 |  500 |     30 |       5 | QUARTERREST  | sales@2017 | 7156567183 |        1 |
+-------+----------+--------+---------------------+------+------------+------+------+--------+---------+--------------+------------+------------+----------+
30 rows in set (0.00 sec)

mysql> select * from emp order by case when ename='sharmin' then 0 else 1 end , ename;
+-------+----------+--------+---------------------+------+------------+------+------+--------+---------+--------------+------------+------------+----------+
| EMPNO | ENAME    | GENDER | JOB                 | MGR  | HIREDATE   | SAL  | COMM | DEPTNO | BONUSID | USER NAME    | PWD        | PHONE      | isActive |
+-------+----------+--------+---------------------+------+------------+------+------+--------+---------+--------------+------------+------------+----------+
|  6473 | SHARMIN  | F      | Public Relation     | 7920 | 1981-07-19 | 1750 | NULL |     20 |       1 | SHARMIN      | a12recmpm  | NULL       |        1 |
|  7415 | AARAV    | M      | CLERK               | 7902 | 1981-12-31 | 3350 | NULL |     10 |    NULL | AARAV        | NULL       | 7032300084 |        0 |
|  7945 | AARUSH   | M      | SALESMAN            | 7902 | 1980-02-14 | 1350 | 2700 |     30 |    NULL | AARUSH       | ABCDEF     | NULL       |        0 |
|  7876 | ADAMS    | M      | CLERK               | 7788 | 1983-01-12 | 1100 | NULL |     20 |       1 | CRAZY ANYONE | a12recmpm  | 7132300086 |        1 |
|  7949 | ALEX     | M      | MANAGER             | 7698 | 1982-01-24 | 1250 |  500 |     30 |       5 | QUARTERREST  | sales@2017 | 7156567183 |        1 |
|  7499 | ALLEN    | M      | SALESMAN            | 7698 | 1981-02-20 | 1600 |  300 |     30 |       4 | ALWAYS TESTE | sales@2017 | 7032300096 |        1 |
|  6781 | BANDISH  | F      | Public Relation     | 7920 | 1981-07-19 | 1750 | NULL |     20 |       1 | BANDISH      | a12recmpm  | NULL       |        1 |
|  7698 | BLAKE    | M      | MANAGER             | 7839 | 1981-05-01 | 2850 | NULL |     30 |       1 | BIG BEN      | sales@2017 | 7132300027 |        1 |
|  7782 | CLARK    | M      | MANAGER             | 7839 | 1981-06-09 | 2450 | NULL |     10 |       3 | CLARK        | r50mpm     | 7032300001 |        1 |
|  7902 | FORD     | M      | ANALYST             | 7566 | 1981-12-03 | 3000 | NULL |     20 |       4 | CONBRIO      | a12recmpm  | NULL       |        0 |
|  7840 | FRED     | M      | vice PRESIDENT      | 7839 | 1983-08-09 | 5000 | NULL |     20 |       1 | SAND STONE   | a12recmpm  | NULL       |        1 |
|  6001 | GITA     | F      | Compliance officers | 7920 | 1981-07-19 | 1750 | NULL |     30 |       1 | GITA         | sales@2017 | NULL       |        1 |
|  7920 | GRASS    | M      | SALESMAN            | 7919 | 1980-02-14 | 2575 | 2700 |     30 |       5 | GRASS        | sales@2017 | NULL       |        1 |
|  7919 | HOFFMAN  | M      | MANAGER             | 7566 | 1982-03-24 | 4150 | NULL |     30 |       3 | INTERVAL     | sales@2017 | NULL       |        1 |
|  7900 | JAMES    | M      | CLERK               | 7698 | 1981-12-03 |  950 | NULL |     30 |       2 | CRAZY LEADER | sales@2017 | 7132300042 |        1 |
|  7566 | JONES    | M      | MANAGER             | 7839 | 1981-04-02 | 2975 | NULL |     20 |       4 | HONEYCOMB    | a12recmpm  | 7132300039 |        1 |
|  7839 | KING     | M      | PRESIDENT           | NULL | 1981-11-17 | 5000 | NULL |     10 |       1 | KING         | r50mpm     | 7132300081 |        1 |
|  7654 | MARTIN   | M      | SALESMAN            | 7698 | 1981-09-28 | 1250 | 1400 |     30 |       6 | LIFE RACER   | sales@2017 | 7132300050 |        1 |
|  7934 | MILLER   | M      | CLERK               | 7782 | 1982-01-23 | 1300 | 1300 |     10 |       2 | QUARTERNOTE  | r50mpm     | 7132300055 |        0 |
|  8433 | NATASHA  | F      | CLERK               | 7920 | 1981-07-19 | 1750 | NULL |     30 |       1 | NATASHA      | sales@2017 | NULL       |        1 |
|  7889 | Neel     | M      | vice PRESIDENT      | 7839 | 1983-08-09 | 1000 | NULL |     60 |       0 | Neel         | BRD@1122   | NULL       |        1 |
|  7888 | Ruhan    | M      | Network             | 7888 | 1983-08-09 | 2000 | NULL |     60 |       1 | Ruhan        | BRD@1122   | NULL       |        1 |
|  9400 | SANGITA  | F      | Compliance officers | 7920 | 1981-07-19 | 1750 | NULL |     50 |       1 | SANGITA      | NULL       | NULL       |        1 |
|  7788 | SCOTT    | M      | ANALYST             | 7566 | 1982-12-09 | 3000 | NULL |     20 |       3 | WHITE SAND   | a12recmpm  | NULL       |        1 |
|  7369 | SMITH    | M      | CLERK               | 7902 | 1980-12-17 |  800 | NULL |     20 |       2 | TRITONE      | a12recmpm  | 7032300023 |        0 |
|  9473 | SUPRIYA  | F      | ANALYST             | 7920 | 1981-07-19 | 1750 | NULL |     50 |       1 | SUPRIYA      | XYZ@1234   | NULL       |        1 |
|  7421 | THOMAS   | M      | CLERK               | 7920 | 1981-07-19 | 1750 | NULL |     10 |       1 | THOMAS       | r50mpm     | 7032300011 |        0 |
|  7844 | TURNER   | M      | SALESMAN            | 7698 | 1981-09-08 | 1500 |    0 |     30 |       5 | SAND DUST    | sales@2017 | NULL       |        1 |
|  6129 | VRUSHALI | F      | Compliance officers | 7920 | 1981-07-19 | 1750 | NULL |     50 |       1 | VRUSHALI     | PUN@8877   | NULL       |        1 |
|  7521 | WARD     | M      | SALESMAN            | 7698 | 1981-02-22 | 1250 |  500 |     30 |       1 | WARD         | sales@2017 | 7132300034 |        1 |
+-------+----------+--------+---------------------+------+------------+------+------+--------+---------+--------------+------------+------------+----------+
30 rows in set (0.00 sec)

mysql> select ename ,job,sal,sal>2500 from emp order by sal >2500,sal;
+----------+---------------------+------+----------+
| ename    | job                 | sal  | sal>2500 |
+----------+---------------------+------+----------+
| SMITH    | CLERK               |  800 |        0 |
| JAMES    | CLERK               |  950 |        0 |
| Neel     | vice PRESIDENT      | 1000 |        0 |
| ADAMS    | CLERK               | 1100 |        0 |
| WARD     | SALESMAN            | 1250 |        0 |
| MARTIN   | SALESMAN            | 1250 |        0 |
| ALEX     | MANAGER             | 1250 |        0 |
| MILLER   | CLERK               | 1300 |        0 |
| AARUSH   | SALESMAN            | 1350 |        0 |
| TURNER   | SALESMAN            | 1500 |        0 |
| ALLEN    | SALESMAN            | 1600 |        0 |
| GITA     | Compliance officers | 1750 |        0 |
| VRUSHALI | Compliance officers | 1750 |        0 |
| SHARMIN  | Public Relation     | 1750 |        0 |
| BANDISH  | Public Relation     | 1750 |        0 |
| THOMAS   | CLERK               | 1750 |        0 |
| NATASHA  | CLERK               | 1750 |        0 |
| SANGITA  | Compliance officers | 1750 |        0 |
| SUPRIYA  | ANALYST             | 1750 |        0 |
| Ruhan    | Network             | 2000 |        0 |
| CLARK    | MANAGER             | 2450 |        0 |
| GRASS    | SALESMAN            | 2575 |        1 |
| BLAKE    | MANAGER             | 2850 |        1 |
| JONES    | MANAGER             | 2975 |        1 |
| SCOTT    | ANALYST             | 3000 |        1 |
| FORD     | ANALYST             | 3000 |        1 |
| AARAV    | CLERK               | 3350 |        1 |
| HOFFMAN  | MANAGER             | 4150 |        1 |
| KING     | PRESIDENT           | 5000 |        1 |
| FRED     | vice PRESIDENT      | 5000 |        1 |
+----------+---------------------+------+----------+
30 rows in set (0.00 sec)

mysql> select ename ,job,sal,sal>2500 R1 from emp order by sal >2500,sal;
+----------+---------------------+------+------+
| ename    | job                 | sal  | R1   |
+----------+---------------------+------+------+
| SMITH    | CLERK               |  800 |    0 |
| JAMES    | CLERK               |  950 |    0 |
| Neel     | vice PRESIDENT      | 1000 |    0 |
| ADAMS    | CLERK               | 1100 |    0 |
| WARD     | SALESMAN            | 1250 |    0 |
| MARTIN   | SALESMAN            | 1250 |    0 |
| ALEX     | MANAGER             | 1250 |    0 |
| MILLER   | CLERK               | 1300 |    0 |
| AARUSH   | SALESMAN            | 1350 |    0 |
| TURNER   | SALESMAN            | 1500 |    0 |
| ALLEN    | SALESMAN            | 1600 |    0 |
| GITA     | Compliance officers | 1750 |    0 |
| VRUSHALI | Compliance officers | 1750 |    0 |
| SHARMIN  | Public Relation     | 1750 |    0 |
| BANDISH  | Public Relation     | 1750 |    0 |
| THOMAS   | CLERK               | 1750 |    0 |
| NATASHA  | CLERK               | 1750 |    0 |
| SANGITA  | Compliance officers | 1750 |    0 |
| SUPRIYA  | ANALYST             | 1750 |    0 |
| Ruhan    | Network             | 2000 |    0 |
| CLARK    | MANAGER             | 2450 |    0 |
| GRASS    | SALESMAN            | 2575 |    1 |
| BLAKE    | MANAGER             | 2850 |    1 |
| JONES    | MANAGER             | 2975 |    1 |
| SCOTT    | ANALYST             | 3000 |    1 |
| FORD     | ANALYST             | 3000 |    1 |
| AARAV    | CLERK               | 3350 |    1 |
| HOFFMAN  | MANAGER             | 4150 |    1 |
| KING     | PRESIDENT           | 5000 |    1 |
| FRED     | vice PRESIDENT      | 5000 |    1 |
+----------+---------------------+------+------+
30 rows in set (0.00 sec)

mysql>