
1.	Display the Employee Name, Job, and Start Date of Employees hired from February 1981 to May 1981.

mysql> select ename, job,hiredate from emp where hiredate between '1981-02-01' and '1981-05-31';
+-------+----------+------------+
| ename | job      | hiredate   |
+-------+----------+------------+
| ALLEN | SALESMAN | 1981-02-20 |
| WARD  | SALESMAN | 1981-02-22 |
| JONES | MANAGER  | 1981-04-02 |
| BLAKE | MANAGER  | 1981-05-01 |
+-------+----------+------------+
4 rows in set (0.00 sec)

2.	Display the Name and Hiredate of every Employee who was hired in 1982.

mysql> select ename ,hiredate from emp where hiredate between '1982-01-01' and '1982-12-31';
+---------+------------+
| ename   | hiredate   |
+---------+------------+
| SCOTT   | 1982-12-09 |
| HOFFMAN | 1982-03-24 |
| MILLER  | 1982-01-23 |
| ALEX    | 1982-01-24 |
+---------+------------+
4 rows in set (0.00 sec)

3.	Write a query to display the current date. Label the column as Current Date.

mysql> select curdate() 'CurrentDate';
+-------------+
| CurrentDate |
+-------------+
| 2025-11-12  |
+-------------+
1 row in set (0.00 sec)

8.	Display details of orders received in the year 1986. 

mysql> select * from orders where YEAR(odate)=1986;
Empty set (0.00 sec)

13.	Display day on which KING joined.

mysql> select ename,DAY(hiredate) as DAYJOIN from emp where ename='king';
+-------+---------+
| ename | DAYJOIN |
+-------+---------+
| KING  |      17 |
+-------+---------+
1 row in set (0.00 sec)

14.	Display month on which MARTIN joined.

mysql> select ename,MONTH(hiredate) as MONTHJOIN from emp where ename='martin';
+--------+-----------+
| ename  | MONTHJOIN |
+--------+-----------+
| MARTIN |         9 |
+--------+-----------+
1 row in set (0.00 sec) 

16.	Print the date, 15 days alter todayâ€™s date.

mysql> select curdate() CurrentDate, DATE(curdate() + 15) AfterDate;
+-------------+------------+
| CurrentDate | AfterDate  |
+-------------+------------+
| 2025-11-12  | 2025-11-27 |
+-------------+------------+
1 row in set (0.00 sec)

17.	List all employee hired in the month of December.

mysql> select * from emp where MONTH(hiredate) = 12;
+-------+-------+--------+---------+------+------------+------+------+--------+---------+--------------+------------+------------+----------+
| EMPNO | ENAME | GENDER | JOB     | MGR  | HIREDATE   | SAL  | COMM | DEPTNO | BONUSID | USER NAME    | PWD        | PHONE      | isActive |
+-------+-------+--------+---------+------+------------+------+------+--------+---------+--------------+------------+------------+----------+
|  7369 | SMITH | M      | CLERK   | 7902 | 1980-12-17 |  800 | NULL |     20 |       2 | TRITONE      | a12recmpm  | 7032300023 |        0 |
|  7415 | AARAV | M      | CLERK   | 7902 | 1981-12-31 | 3350 | NULL |     10 |    NULL | AARAV        | NULL       | 7032300084 |        0 |
|  7788 | SCOTT | M      | ANALYST | 7566 | 1982-12-09 | 3000 | NULL |     20 |       3 | WHITE SAND   | a12recmpm  | NULL       |        1 |
|  7900 | JAMES | M      | CLERK   | 7698 | 1981-12-03 |  950 | NULL |     30 |       2 | CRAZY LEADER | sales@2017 | 7132300042 |        1 |
|  7902 | FORD  | M      | ANALYST | 7566 | 1981-12-03 | 3000 | NULL |     20 |       4 | CONBRIO      | a12recmpm  | NULL       |        0 |
+-------+-------+--------+---------+------+------------+------+------+--------+---------+--------------+------------+------------+----------+
5 rows in set (0.00 sec)

18.	List all employee hired after 1980.

mysql> select * from emp where YEAR(hiredate) > 1980;
+-------+----------+--------+---------------------+------+------------+------+------+--------+---------+--------------+------------+------------+----------+
| EMPNO | ENAME    | GENDER | JOB                 | MGR  | HIREDATE   | SAL  | COMM | DEPTNO | BONUSID | USER NAME    | PWD        | PHONE      | isActive |
+-------+----------+--------+---------------------+------+------------+------+------+--------+---------+--------------+------------+------------+----------+
|  6001 | GITA     | F      | Compliance officers | 7920 | 1981-07-19 | 1750 | NULL |     30 |       1 | GITA         | sales@2017 | NULL       |        1 |
|  6129 | VRUSHALI | F      | Compliance officers | 7920 | 1981-07-19 | 1750 | NULL |     50 |       1 | VRUSHALI     | PUN@8877   | NULL       |        1 |
|  6473 | SHARMIN  | F      | Public Relation     | 7920 | 1981-07-19 | 1750 | NULL |     20 |       1 | SHARMIN      | a12recmpm  | NULL       |        1 |
|  6781 | BANDISH  | F      | Public Relation     | 7920 | 1981-07-19 | 1750 | NULL |     20 |       1 | BANDISH      | a12recmpm  | NULL       |        1 |
|  7415 | AARAV    | M      | CLERK               | 7902 | 1981-12-31 | 3350 | NULL |     10 |    NULL | AARAV        | NULL       | 7032300084 |        0 |
|  7421 | THOMAS   | M      | CLERK               | 7920 | 1981-07-19 | 1750 | NULL |     10 |       1 | THOMAS       | r50mpm     | 7032300011 |        0 |
|  7499 | ALLEN    | M      | SALESMAN            | 7698 | 1981-02-20 | 1600 |  300 |     30 |       4 | ALWAYS TESTE | sales@2017 | 7032300096 |        1 |
|  7521 | WARD     | M      | SALESMAN            | 7698 | 1981-02-22 | 1250 |  500 |     30 |       1 | WARD         | sales@2017 | 7132300034 |        1 |
|  7566 | JONES    | M      | MANAGER             | 7839 | 1981-04-02 | 2975 | NULL |     20 |       4 | HONEYCOMB    | a12recmpm  | 7132300039 |        1 |
|  7654 | MARTIN   | M      | SALESMAN            | 7698 | 1981-09-28 | 1250 | 1400 |     30 |       6 | LIFE RACER   | sales@2017 | 7132300050 |        1 |
|  7698 | BLAKE    | M      | MANAGER             | 7839 | 1981-05-01 | 2850 | NULL |     30 |       1 | BIG BEN      | sales@2017 | 7132300027 |        1 |
|  7782 | CLARK    | M      | MANAGER             | 7839 | 1981-06-09 | 2450 | NULL |     10 |       3 | CLARK        | r50mpm     | 7032300001 |        1 |
|  7788 | SCOTT    | M      | ANALYST             | 7566 | 1982-12-09 | 3000 | NULL |     20 |       3 | WHITE SAND   | a12recmpm  | NULL       |        1 |
|  7839 | KING     | M      | PRESIDENT           | NULL | 1981-11-17 | 5000 | NULL |     10 |       1 | KING         | r50mpm     | 7132300081 |        1 |
|  7840 | FRED     | M      | vice PRESIDENT      | 7839 | 1983-08-09 | 5000 | NULL |     20 |       1 | SAND STONE   | a12recmpm  | NULL       |        1 |
|  7844 | TURNER   | M      | SALESMAN            | 7698 | 1981-09-08 | 1500 |    0 |     30 |       5 | SAND DUST    | sales@2017 | NULL       |        1 |
|  7876 | ADAMS    | M      | CLERK               | 7788 | 1983-01-12 | 1100 | NULL |     20 |       1 | CRAZY ANYONE | a12recmpm  | 7132300086 |        1 |
|  7888 | Ruhan    | M      | Network             | 7888 | 1983-08-09 | 2000 | NULL |     60 |       1 | Ruhan        | BRD@1122   | NULL       |        1 |
|  7889 | Neel     | M      | vice PRESIDENT      | 7839 | 1983-08-09 | 1000 | NULL |     60 |       0 | Neel         | BRD@1122   | NULL       |        1 |
|  7900 | JAMES    | M      | CLERK               | 7698 | 1981-12-03 |  950 | NULL |     30 |       2 | CRAZY LEADER | sales@2017 | 7132300042 |        1 |
|  7902 | FORD     | M      | ANALYST             | 7566 | 1981-12-03 | 3000 | NULL |     20 |       4 | CONBRIO      | a12recmpm  | NULL       |        0 |
|  7919 | HOFFMAN  | M      | MANAGER             | 7566 | 1982-03-24 | 4150 | NULL |     30 |       3 | INTERVAL     | sales@2017 | NULL       |        1 |
|  7934 | MILLER   | M      | CLERK               | 7782 | 1982-01-23 | 1300 | 1300 |     10 |       2 | QUARTERNOTE  | r50mpm     | 7132300055 |        0 |
|  7949 | ALEX     | M      | MANAGER             | 7698 | 1982-01-24 | 1250 |  500 |     30 |       5 | QUARTERREST  | sales@2017 | 7156567183 |        1 |
|  8433 | NATASHA  | F      | CLERK               | 7920 | 1981-07-19 | 1750 | NULL |     30 |       1 | NATASHA      | sales@2017 | NULL       |        1 |
|  9400 | SANGITA  | F      | Compliance officers | 7920 | 1981-07-19 | 1750 | NULL |     50 |       1 | SANGITA      | NULL       | NULL       |        1 |
|  9473 | SUPRIYA  | F      | ANALYST             | 7920 | 1981-07-19 | 1750 | NULL |     50 |       1 | SUPRIYA      | XYZ@1234   | NULL       |        1 |
+-------+----------+--------+---------------------+------+------------+------+------+--------+---------+--------------+------------+------------+----------+
27 rows in set (0.00 sec)

9.	Write a query to find out the DAY (for example, SUNDAY) of the current date.

mysql> select curdate(), Date_Format(curdate(),'%a') Day;
+------------+------+
| curdate()  | Day  |
+------------+------+
| 2025-11-12 | Wed  |
+------------+------+
1 row in set (0.00 sec)

